BioD,False
D00015,False
D00102,False
D00173,False
D00306,False
D00726,False
D00749,False
D00760_f,False
D00761_f,False
D00762_f,False
D00763,False
D10040,False
D10537,False
D10872,False
D11086,False
D11094_i,False
D11139,False
D11327_i,False
D11327_r,False
D11456,False
D11466,False
D12620,False
D13305,False
D13633,False
D13642_i,False
D13643,False
D13645,False
D13665,False
D13789,False
D13891,False
D14520,False
D14582,False
D14657,False
D14658,False
D14659,False
D14661,False
D14663,False
D14678,False
D14694,False
D14696,False
D14717,False
D14811,False
D14822,False
D14823,False
D15050,False
D15057,False
D16294,False
D16350,False
D16362,False
D16431,False
D16532,False
D17390,False
D17391,False
D17547,False
D17570_r,False
D21064,False
D21090_r,False
D21094,False
D21209_i,False
D21235,False
D21239,False
D21853_f,False
D25235,False
D25418,False
D26069,False
D26125_f,False
D26362,False
D26445,False
D26535,False
D26600_f,False
D28118,False
D28137,False
D28532,False
D29641,False
D29767,False
D29832_f,False
D29832_i,False
D29833,False
D29954,False
D29956_f,False
D29956_r_i,False
D29992,False
D30655,False
D30758_f,False
D31763,False
D31767,False
D31884,False
D31885,False
D31889_i,False
D31889_r,False
D31891,False
D32002,False
D32051,False
D32202,False
D38251,False
D38491,False
D38521,False
D38537_f,False
D38550,False
D38551,False
D38552,False
D42038,False
D42039,False
D42045_r,False
D42055,False
D42108,False
D43636,False
D43949_f,False
D43950,False
D45370_f,False
D45370_r_i,False
D45371,False
D49394,False
D49487,False
D49488,False
D59253,False
D63807,False
D63874,False
D63878,False
D63882,False
D64053,False
D78152,False
D90041,False
D90086,False
D90239_f,False
D90239_i,False
D90276,False
D90312,False
D90391,False
H00423,False
H00645,False
H01165,False
H01346_f,False
H01418,False
H01482_f,False
H01482_i,False
H02009_f,False
H02279,False
H02532,False
H02560,False
H02611,False
H02630,False
H02836,False
H02882,False
H02889,False
H03061,False
H03442_f,False
H03442_i,False
H03442_r_i,False
H03461,False
H03946,False
H03968,False
H03980,False
H04235,False
H04311,False
H04342,False
H04461_i,False
H04641,False
H04765,False
H04802,False
H04990,False
H05070,False
H05091,False
H05138,False
H05222_i,False
H05303,False
H05695,False
H05800,False
H05803_f,False
H05899,False
H05966,False
H06045,False
H06195,False
H06245,False
H06709,False
H06877,False
H07114,False
H07860_r,False
H07878,False
H08144,False
H08156,False
H08393,False
H08559,False
H08678,False
H08751,False
H08758,False
H08858,False
H09083,False
H09137,False
H09305_i,False
H09542_r,False
H09625,False
H09642,False
H09719,False
H10048,False
H10083_f,False
H10156,False
H10419_f,False
H10667,False
H10671,False
H10798,False
H11063,False
H11125_f,False
H11272,False
H11276,False
H11316,False
H11320,False
H11324,False
H11338,False
H11374,False
H11446,False
H11609,False
H11650,False
H11719,False
H11773_i,False
H11940,False
H12072,False
H12216,False
H12317,False
H12771,False
H13194,False
H13272_f,False
H13714,False
H14343,False
H14372,False
H14384,False
H14506,False
H14607,False
H15020,False
H15118,False
H15167,False
H15525_f,False
H15531_r_i,False
H15533_f,False
H15533_r_i,False
H15542,False
H15552,False
H15562,False
H15571_i,False
H15703,False
H15901,False
H16096,False
H16758,False
H16774,False
H17040,False
H17048,False
H17409,False
H17646,False
H17802,False
H17827,False
H17897,False
H17901,False
H17923,False
H18209,False
H18236,False
H18441,False
H18451_i,False
H18490,False
H18836,False
H18919,False
H18946,False
H18971,False
H19001,False
H19201,False
H19232,False
H19272,False
H19878,False
H20165,False
H20289,False
H20503,False
H20505,False
H20709,False
H20819,False
H20926,False
H21402,False
H21913,False
H21927,False
H21944,False
H22230,False
H22550,False
H22579_f,False
H22665,False
H22688,False
H22821,False
H22842,False
H22939,False
H23079,False
H23544,False
H23568,False
H23740,False
H23975_f,False
H23975_i,False
H24030,False
H24076,False
H24401,False
H24748_f,False
H24748_i,False
H24766,False
H26101,False
H26161,False
H26183,False
H26185,False
H26426_r,False
H26655,False
H26658,False
H26676,False
H26695,False
H26759,False
H26960_f,False
H26960_i,False
H27771_f,False
H27921_i,False
H27921_r,False
H28050,False
H28146,False
H28284,False
H28373,False
H28452,False
H28469,False
H28614_i,False
H28614_r,False
H28704,False
H28711,False
H29054,False
H29293,False
H29335,False
H29521,False
H29572,False
H29625,False
H29838_f,False
H29895,False
H30216,False
H30530,False
H30564_f,False
H30734,False
H37925_f,False
H38200,False
H38216,False
H38444,False
H38671,False
H38838,False
H39222,False
H39654,False
H39669,False
H39671_i,False
H39991_r_i,False
H40095,False
H40108,False
H40202,False
H40269,False
H40434,False
H40517,False
H40554,False
H40560,False
H40680,False
H40699,False
H40705,False
H40867,False
H40980_f,False
H40980_i,False
H41006,False
H41075,False
H41147,False
H41432,False
H41548,False
H41554,False
H42127,False
H42754,False
H42852,False
H43183,False
H43328_i,False
H43663,False
H43851,False
H43908_f,False
H43908_i,False
H43908_r_i,False
H44030,False
H44044,False
H44956,False
H45251_f,False
H45251_i,False
H45299,False
H45474_i,False
H45474_r,False
H45526_r_i,False
H45692,False
H45781,False
H45802,False
H45807,False
H45977,False
H45996,False
H46001,False
H46425,False
H46728,False
H46732,False
H46971,False
H46987,False
H46994,False
H47348,False
H47585,False
H47609,False
H47628_f,False
H47628_i,False
H47640,False
H47650,False
H47817,False
H47859,False
H48027,False
H48262,False
H48460,False
H48485_f,False
H48490,False
H48516,False
H49064,False
H49277,False
H49515,False
H49652,False
H50199,False
H50229,False
H50239,False
H50438,False
H50515_f,False
H50700_i,False
H50876,False
H51015,False
H51137,False
H51196_f,False
H51196_i,False
H51524_f,False
H51607,False
H51626,False
H52180,False
H52222,False
H52231,False
H52256,False
H52518,False
H53092,False
H53120,False
H53136,False
H53564,False
H53834,False
H54417,False
H54446_f,False
H54676,False
H54722,False
H55759,False
H55933,False
H56077_f,False
H56092,False
H56627,False
H56680,False
H56918,False
H57095,False
H57136_f,False
H57529,False
H57679,False
H57957,False
H57958_i,False
H58696,False
H58737,False
H59231_f,False
H59259,False
H60050,False
H60074,False
H60150,False
H61758,False
H61816,False
H62177,False
H62365,False
H62528,False
H62531,False
H62535,False
H62826_f,False
H62860,False
H63116,False
H63354,False
H64001,False
H64141,False
H64259,False
H64325,False
H64526,False
H64564,False
H64576,False
H64819,False
H65017,False
H65066_f,False
H65117,False
H65354,False
H65482,False
H65488,False
H65732,False
H65842,False
H65986,False
H66332,False
H66340,False
H66490,False
H66832,False
H66834,False
H66976,False
H67026,False
H67568,False
H67764_i,False
H67893,False
H68520,False
H69184_i,False
H69296,False
H69819,False
H69867,False
H69869,False
H70323_i,False
H70323_r,False
H70425_f,False
H70833,False
H70857,False
H70868,False
H71122,False
H71465,False
H71627,False
H72060,False
H72110,False
H72234,False
H72965,False
H73284,False
H73947,False
H74197,False
H75382,False
H75866,False
H75955,False
H77302,False
H77306_i,False
H77348,False
H77510,False
H77536,False
H78063,False
H78374,False
H79349,False
H79713,False
H79852,False
H80032,False
H80057_f,False
H80152,False
H80342,False
H80809,False
H80975,False
H81068,False
H81202_r,False
H81412,False
H81558,False
H81802,False
H82137,False
H82719_f,False
H82723,False
H82897,False
H82962,False
H82966,False
H83392_r_i,False
H83427,False
H83925,False
H83932,False
H84032,False
H84102,False
H84114,False
H84228,False
H84249_f,False
H84795,False
H85111,False
H85136,False
H85348,False
H85361,False
H85444,False
H85528,False
H85878_f,False
H86060_f,False
H86488_f,False
H86518,False
H86710,False
H87013,False
H87106_f,False
H87135,False
H87157,False
H87205,False
H87240,False
H87260,False
H87344,False
H87362,False
H87366_f,False
H87371,False
H87372,False
H87456,False
H87465,False
H87473,False
H88129,False
H88250,False
H88261,False
H88517,False
H88888_f,False
H88888_i,False
H88938_i,False
H89087,False
H89088,False
H89092,False
H89374,False
H89477,False
H89481,False
H89559,False
H90020,False
H90764,False
H91144,False
H91696,False
H92195,False
H92205,False
H92279,False
H92646,False
J00073,False
J00140_r,False
J00212,False
J00268_f,False
J00268_i,False
J00277,False
J02645,False
J02685,False
J02902,False
J02933,False
J02943_f,False
J02958,False
J03019,False
J03027_i,False
J03027_r,False
J03037_i,False
J03069,False
J03161_f,False
J03161_r_i,False
J03171,False
J03358,False
J03464_f,False
J03473_r,False
J03490,False
J03507,False
J03569_f,False
J03589,False
J03746,False
J04026,False
J04040,False
J04046,False
J04058_f,False
J04088,False
J04102,False
J04111,False
J04449,False
J04501,False
J04543,False
J04569,False
J04809,False
J04970,False
J04977,False
J05096,False
J05249,False
J05272,False
J05401_f,False
J05401_i,False
J05550,False
K01900,False
K01911,False
K02054,False
K02100,False
K02268,False
K02766,False
K03192_i,False
K03204_f,False
K03204_i,False
K03208_i,False
K03460,False
K03474_r,False
L00352,False
L00634,False
L01131,False
L02426_f,False
L02426_i,False
L02785,False
L02950_f,False
L02950_i,False
L03427,False
L03840,False
L04282,False
L04490,False
L04656_f,False
L04656_i,False
L05072,False
L05147,False
L05515,False
L05568,False
L05628,False
L05779,False
L06132,False
L06133,False
L06139,False
L06519_f,False
L07077_f,False
L07395,False
L07590,False
L07868,False
L07956_r,False
L08010,False
L08069,False
L09118,False
L10123,False
L10126,False
L10386,False
L10403,False
L10678,False
L11005,False
L11239,False
L11369,False
L11371,False
L11372,False
L11667,False
L12398_i,False
L12579,False
L12693_f,False
L13042,False
L13268,False
L13278,False
L13291,False
L13329,False
L13744,False
L13773,False
L13852_f,False
L13852_i,False
L13923,False
L13972,False
L13977,False
L14075,False
L14076,False
L14565,False
L14778,False
L14787,False
L14813,False
L16783,False
L16876,False
L16991,False
L17326,False
L19183,False
L19267,False
L19297,False
L19593,False
L19659,False
L19778_i,False
L19779,False
L19783,False
L20321,False
L20348,False
L20422,False
L20463,False
L20814,False
L20860,False
L20861,False
L21893_i,False
L21934,False
L21993,False
L22206,False
L22343,False
L22454,False
L22524,False
L22548_f,False
L22548_i,False
L22647,False
L23808,False
L24203,False
L24470,False
L24804,False
L25798_f,False
L25798_i,False
L25851,False
L25877,False
L25941,False
L26050_f,False
L26494,False
L26584,False
L26953,False
L27213,False
L28175,False
L28809,False
L28821,False
L31584,False
L31785,False
L31881,False
L32137_i,False
L32140_f,False
L32163,False
L32832,False
L32866,False
L33404,False
L34060,False
L34081,False
L35233,False
L35251,False
L35263,False
L35546_r_i,False
L35594,False
L36642,False
L36644,False
L36844_i,False
L36861,False
L37347,False
L38503_f,False
L38593,False
L38696_r,False
L38707,False
L38932_f,False
L38933,False
L38969,False
L40157,False
L40392_f,False
L40392_i,False
L40395,False
L40398,False
L40817,False
L41268_f,False
L41349,False
L41351,False
L41415,False
L41680,False
L41690,False
L41907,False
L41944,False
L42542,False
L42611,False
L47345,False
L48714,False
L49054,False
L49169,False
L49209,False
M10065_f,False
M11166_i,False
M11220,False
M11354,False
M11507,False
M11718,False
M12267,False
M12271,False
M12807,False
M13057,False
M13241,False
M13299,False
M13305_f,False
M13450,False
M13666,False
M13755_i,False
M13880,False
M13928_i,False
M14016_f,False
M14144,False
M14200_f,False
M14200_i,False
M14219,False
M14362,False
M14539,False
M14676,False
M14745,False
M14993,False
M15205,False
M15353,False
M15841,False
M15990,False
M16038,False
M16279,False
M16404,False
M16405,False
M16451,False
M16462,False
M16768,False
M16937,False
M16938,False
M17016,False
M17115,False
M17779,False
M18371,False
M18533,False
M18692_f,False
M18692_i,False
M18731,False
M19045,False
M19156,False
M19169,False
M19311,False
M19481,False
M19650,False
M19701,False
M20132,False
M20218,False
M20431,False
M20543_f,False
M20643,False
M20867,False
M21097,False
M21221,False
M21339,False
M21388,False
M21551,False
M21574,False
M21940,False
M21985,False
M22050,False
M22094,False
M22382,False
M22538_f,False
M22632,False
M23197,False
M23323,False
M23668,False
M23671,False
M23892,False
M24122,False
M24470,False
M24594_f,False
M24689,False
M24902,False
M25077_f,False
M25077_i,False
M25078,False
M25532,False
M25897_f,False
M26062,False
M26167,False
M26252,False
M26311,False
M26393,False
M26481,False
M26697,False
M27138,False
M27492_f,False
M27635_f,False
M27749_f,False
M27878,False
M27903,False
M27968,False
M28128_i,False
M28636,False
M28827,False
M28882_f,False
M28882_r_i,False
M29065,False
M29277,False
M29458,False
M29474,False
M29960,False
M30629_i,False
M30773,False
M31153,False
M31213,False
M31523,False
M31606,False
M31627,False
M31661,False
M31667,False
M31679,False
M31994,False
M32082,False
M32402,False
M32405,False
M32639_r,False
M33388_i,False
M33772,False
M33875,False
M33882,False
M34175_i,False
M34175_r_i,False
M34187,False
M34192_f,False
M34192_i,False
M34192_r_i,False
M34668,False
M35531,False
M35663,False
M35718,False
M36205,False
M36341,False
M36711,False
M36981_f,False
M37190,False
M37192,False
M37197,False
M37457,False
M37510,False
M37583,False
M37712,False
M37884,False
M37981,False
M38451_f,False
M55040,False
M55047,False
M55053_s,False
M55169,False
M55210,False
M55531,False
M55542,False
M55618,False
M55654,False
M55905_f,False
M57298,False
M57423,False
M57609,False
M57729,False
M57730,False
M57892,False
M58411,False
M59079,False
M59305,False
M59371_i,False
M59371_r_i,False
M59488,False
M59499,False
M59964,False
M60047,False
M60052,False
M60174,False
M60315,False
M60445,False
M60483,False
M60484,False
M60527,False
M60618,False
M60706,False
M60724,False
M60828,False
M60974_f,False
M60974_r_i,False
M61156,False
M61832,False
M61877_r,False
M62424,False
M62626,False
M62840,False
M62994,False
M63138,False
M63167,False
M63256,False
M63488,False
M63509,False
M63582,False
M63623,False
M63838,False
M63962,False
M63967,False
M64108,False
M64110,False
M64322,False
M64445_f,False
M64486,False
M64554_r,False
M64571,False
M64925,False
M65062,False
M65085,False
M65254,False
M65291,False
M67454_i,False
M67466,False
M68520,False
M68941,False
M69040,False
M69054,False
M69135_i,False
M69135_r,False
M69175,False
M69296,False
M73238,False
M73489,False
M73746,False
M74161,False
M74387,False
M74491,False
M74524,False
M74587,False
M75715_f,False
M76180,False
M76424,False
M76446,False
M76665,False
M76729,False
M76979_f,False
M77348,False
M77481,False
M77829,False
M80244,False
M80899,False
M81057_f,False
M81592_f,False
M81635,False
M81758,False
M81883,False
M82919,False
M82962,False
M83088,False
M83651,False
M83653,False
M83712,False
M83941,False
M84124,False
M84426,False
M85038,False
M85079_f,False
M85085,False
M86400,False
M86492,False
M86699,False
M86737,False
M86932,False
M87290_f,False
M87338,False
M87770_i,False
M88108,False
M88162,False
M88163,False
M88282,False
M88468,False
M89796,False
M90299,False
M90657,False
M90684_i,False
M90820,False
M91463,False
M91670_f,False
M91670_r_i,False
M92303,False
M92383,False
M92642,False
M93009,False
M93651,False
M94065,False
M94083,False
M94132,False
M94173,False
M94345_f,False
M94363,False
M94547_i,False
M94556_f,False
M94630_f,False
M94893,False
M95167,False
M95548,False
M95586_i,False
M95610,False
M95627,False
M95724_f,False
M95740,False
M95936,False
M96326,False
M96789,False
M96843_f,False
M96859,False
M96936,False
M96944,False
M97016,False
M97191_i,False
M97252_f,False
M97252_r_i,False
M97287,False
M97675_f,False
M97856_f,False
M97856_i,False
M98045,False
M98399,False
M99063,False
M99422_f,False
M99701,False
R00140,False
R00276,False
R00282,False
R00453_f,False
R00536,False
R00861_f,False
R01124,False
R01182_f,False
R01182_i,False
R01182_r_i,False
R01221,False
R01755,False
R02151,False
R02362_f,False
R05291,False
R05315,False
R05923,False
R05924,False
R06239,False
R06398,False
R06414,False
R06418,False
R06716,False
R06977_r,False
R07482,False
R09138,False
R09217,False
R09220,False
R09479,False
R09532,False
R10370,False
R10378_f,False
R10396_i,False
R10590,False
R10620_r_i,False
R10882,False
R11069,False
R12588,False
R12676,False
R15926_i,False
R16051,False
R16095,False
R16156_f,False
R16539,False
R16574,False
R17696,False
R18109,False
R19189,False
R19276,False
R20616,False
R21416,False
R21547,False
R21901,False
R22197,False
R22779,False
R22953,False
R23176,False
R26294,False
R26614,False
R26717,False
R27199,False
R27342,False
R28029_i,False
R28608,False
R30940,False
R31938,False
R32019,False
R32331,False
R32410_f,False
R32410_i,False
R32479,False
R32883,False
R33078,False
R33465,False
R34876,False
R37416,False
R37428,False
R37464,False
R37640,False
R37660_i,False
R37660_r_i,False
R38203,False
R38513_f,False
R38576,False
R38646,False
R38700,False
R38704,False
R38736,False
R39004,False
R39010,False
R39044,False
R39112,False
R39128,False
R39315_r,False
R39356_f,False
R39531,False
R39540,False
R39575,False
R39835,False
R39932,False
R40081,False
R40490,False
R40550,False
R40899,False
R40932,False
R41558,False
R41561,False
R41705_i,False
R41759,False
R41873,False
R41937,False
R41941_f,False
R41941_r_i,False
R42309,False
R42374,False
R42501,False
R42507_f,False
R42798,False
R42810,False
R42898,False
R42994_f,False
R43015,False
R43040,False
R43119,False
R43198,False
R43361,False
R43524,False
R43532,False
R43631,False
R43728,False
R43913,False
R43914,False
R43976,False
R44052,False
R44155,False
R44205,False
R44259,False
R44301,False
R44574,False
R44692,False
R44770,False
R44863,False
R44914,False
R45008_r,False
R45230,False
R45296,False
R45362,False
R45601,False
R45646,False
R45942,False
R45943_i,False
R46362,False
R46483,False
R46502,False
R46512,False
R46603,False
R46716,False
R46792,False
R47985,False
R49019,False
R49129,False
R49231,False
R49314,False
R49416,False
R49420,False
R49525_f,False
R49688,False
R49855,False
R49884,False
R49974_r_i,False
R50325,False
R50499,False
R51015,False
R51531,False
R51642_f,False
R51768_i,False
R51912,False
R52000,False
R52117,False
R52151,False
R52331,False
R52477,False
R52613,False
R52624,False
R52658,False
R52703,False
R52961_f,False
R53038,False
R53240,False
R53243,False
R53455,False
R53499,False
R53587,False
R53610,False
R53941_f,False
R53941_i,False
R53966,False
R53998,False
R54422,False
R54467_f,False
R54494,False
R54568,False
R54618,False
R54798,False
R54931,False
R54941,False
R55009,False
R55041_f,False
R55041_r_i,False
R55204,False
R55241,False
R55303_i,False
R55344,False
R55358,False
R55490,False
R55650,False
R55663,False
R55773,False
R55778,False
R55782_i,False
R55782_r_i,False
R55789,False
R55828,False
R55965,False
R56038,False
R56070,False
R56399,False
R56440,False
R56630,False
R56881,False
R59097,False
R59181_r,False
R59202_f,False
R59212,False
R59380,False
R59518,False
R59535,False
R59552,False
R59560,False
R59582,False
R59583,False
R59902_f,False
R59934_i,False
R60162,False
R60174,False
R60217,False
R60313,False
R60318,False
R60332_f,False
R60508,False
R60583_i,False
R60583_r_i,False
R60591,False
R60741,False
R60749,False
R60751,False
R60782,False
R60859,False
R60908,False
R60975,False
R61249,False
R61319,False
R61352,False
R61368,False
R61393_r,False
R61485,False
R61523,False
R61535,False
R61831_s,False
R61874_f,False
R62425,False
R62463,False
R62946_f,False
R63683,False
R63734,False
R63907,False
R63978,False
R64115_f,False
R64115_i,False
R64130,False
R64705,False
R65697,False
R66126,False
R66383,False
R66902,False
R66984,False
R67003,False
R67275,False
R67283,False
R67358_f,False
R67462_i,False
R67557_f,False
R67999,False
R69100,False
R69161,False
R69448_f,False
R69448_r_i,False
R69552,False
R70535,False
R70939,False
R71092,False
R71195,False
R71401,False
R71467_i,False
R71651_f,False
R71870,False
R72295,False
R72644_f,False
R72819_f,False
R72819_i,False
R72859,False
R73129,False
R73446,False
R73606,False
R73622,False
R73660,False
R73844_r,False
R74326,False
R74345,False
R74364,False
R74522,False
R75843,False
R76722,False
R77255,False
R77751,False
R77780,False
R78449,False
R78500,False
R78581,False
R78934_i,False
R78934_r_i,False
R79784_f,False
R79785,False
R79804,False
R79935,False
R79948_i,False
R79948_r_i,False
R79960,False
R79995,False
R79999,False
R80235,False
R80778,False
R80779_f,False
R80779_i,False
R80779_r_i,False
R80968,False
R81182,False
R81358,False
R81812_f,False
R81816,False
R82066,False
R82523_i,False
R82523_r_i,False
R82964,False
R83000,False
R83300,False
R83349,False
R83354,False
R83364,False
R83837,False
R83904,False
R83923,False
R84411,False
R84966,False
R85326,False
R85464,False
R85479,False
R85482_i,False
R85482_r_i,False
R85654_f,False
R85796,False
R86248,False
R86937_i,False
R86975,False
R87490,False
R87501,False
R87714,False
R88418,False
R88740,False
R88749,False
R89067_r,False
R89850,False
R91062,False
R91161,False
R91438,False
R91570,False
R91925,False
R92183,False
R92729_f,False
R92729_i,False
R93130,False
R93141,False
R93176,False
R93211,False
R93738_f,False
R93738_i,False
R94529,False
R94926,False
R94942,False
R94967_i,False
R95776,False
R95874_f,False
R95963,False
R96080_f,False
R96080_i,False
R96083,False
R96217,False
R96358,False
R96373,False
R96573,False
R96656_i,False
R96656_r_i,False
R96721,False
R97060,False
R97211,False
R97303_i,False
R98339,False
R98441,False
R98454,False
R98576,False
R98683,False
R98834,False
R98986,False
R99578_f,False
R99833,False
R99838,False
R99846,False
R99916,False
T40467,False
T40674,False
T40726,False
T40849,False
T40912,False
T40925,False
T41074_f,False
T41094,False
T41135,False
T41159,False
T41210_i,False
T41210_r,False
T41265,False
T47025,False
T47069,False
T47144,False
T47267,False
T47342,False
T47562_r_i,False
T47620,False
T47645,False
T47719,False
T47824,False
T47964,False
T48014,False
T48028,False
T48102,False
T48296,False
T48386,False
T48649,False
T48852,False
T48860,False
T48939,False
T48950_i,False
T49117,False
T49192_i,False
T49194,False
T49204,False
T49208,False
T49279,False
T49382,False
T49484,False
T49637,False
T49732,False
T50077,False
T50250,False
T50321,False
T50334_f,False
T50334_i,False
T50344,False
T50500,False
T50508,False
T50678_f,False
T50678_i,False
T50769,False
T50796,False
T50971,False
T50974,False
T50986,False
T51023,False
T51150,False
T51240,False
T51261,False
T51499,False
T51534,False
T51539,False
T51576,False
T51613,False
T51913,False
T51944,False
T52003_i,False
T52185,False
T52362_f,False
T52374,False
T52504,False
T52506,False
T52521,False
T52674,False
T52882_f,False
T52882_i,False
T52999,False
T53360,False
T53396_f,False
T53396_r_i,False
T53549,False
T53808,False
T53868,False
T54086,False
T54276,False
T54278,False
T54364,False
T54670,False
T55101,False
T55248,False
T55552,False
T55607,False
T56117,False
T56244,False
T56260,False
T56350,False
T56454,False
T56604,False
T56622,False
T56690,False
T56750,False
T56771,False
T56936,False
T56940,False
T57002,False
T57238,False
T57468,False
T57483,False
T57630,False
T57633,False
T57653,False
T57686,False
T57759,False
T57780_r,False
T57824,False
T58353,False
T58731_f,False
T58861,False
T58886_f,False
T58992,False
T59162,False
T59167,False
T59354_i,False
T59354_r,False
T59406_r,False
T59528,False
T59529,False
T59540,False
T59878,False
T59946,False
T59954,False
T60318,False
T60456_f,False
T60778_i,False
T60780,False
T60849,False
T60855,False
T61071,False
T61338,False
T61524,False
T61591,False
T61602,False
T61609_f,False
T61661_i,False
T61682,False
T61795_f,False
T61941,False
T62054,False
T62198,False
T62558,False
T62568_r_i,False
T62633_f,False
T62635,False
T62856,False
T62864,False
T62878,False
T62884,False
T62904,False
T62947,False
T62972,False
T63052,False
T63420,False
T63483,False
T63597,False
T63598,False
T63612,False
T63887,False
T64004,False
T64128,False
T64148,False
T64167,False
T64351,False
T64470,False
T64576,False
T64878_i,False
T64923,False
T64974,False
T64983,False
T65046,False
T65061,False
T65438,False
T65440,False
T65444,False
T65562,False
T65580,False
T65740,False
T65758,False
T65790,False
T65792,False
T65859,False
T65938,False
T66286_f,False
T66811,False
T66960,False
T67173_i,False
T67406,False
T67433,False
T67875,False
T68098,False
T68541_f,False
T68722,False
T68979_f,False
T69030,False
T69265,False
T69446,False
T69748,False
T69760,False
T70046,False
T70062,False
T70197,False
T70257,False
T70340,False
T70595,False
T70893,False
T70920_f,False
T70920_i,False
T70920_r_i,False
T71009,False
T71049,False
T71260,False
T71306,False
T71553_f,False
T71646,False
T71662,False
T72087,False
T72171,False
T72175,False
T72585,False
T72610_f,False
T72622,False
T72625,False
T72632,False
T72655,False
T72863,False
T73092,False
T73788_f,False
T73815,False
T74249,False
T74256,False
T74556,False
T74614_f,False
T74906_i,False
T76970_f,False
T76971,False
T76972,False
T77050,False
T77071,False
T77829,False
T77840,False
T78096,False
T78104,False
T78323,False
T78430,False
T78489,False
T78585,False
T78624,False
T79152,False
T79421,False
T79473,False
T79475,False
T79592,False
T79813,False
T79846,False
T79849,False
T79863_i,False
T80178_f,False
T80849,False
T80987,False
T81098,False
T81103,False
T81919,False
T82470,False
T83672,False
T84038,False
T84082,False
T84099_f,False
T85544,False
T86142,False
T86300,False
T86482,False
T86708,False
T86749,False
T86899,False
T86932,False
T87515,False
T87862,False
T87866_f,False
T89267,False
T89343,False
T89438_f,False
T89649,False
T89730,False
T89991,False
T90192,False
T90203,False
T90280,False
T90284,False
T90444,False
T90632,False
T90774_r,False
T90791_r,False
T90857,False
T91100,False
T91160_f,False
T91510_i,False
T91760,False
T91954,False
T91966,False
T92248,False
T92736,False
T92939,False
T93267,False
T93589,False
T94092,False
T94764,False
T94834,False
T94883,False
T95018,False
T95046,False
T95048,False
T95291,False
T95807,False
T96666,False
T96816_i,False
T96849,False
T96873,False
T97152,False
T97181,False
T97194,False
T97268,False
T97279,False
T97591,False
T97724_f,False
T97724_i,False
T98555,False
T98787_f,False
T98796,False
T98925,False
T99380_f,False
T99380_i,False
T99532,False
U01038,False
U01160,False
U01244_f,False
U01244_i,False
U01824,False
U01877,False
U02082,False
U02309,False
U02326,False
U02388,False
U02493_f,False
U02493_r_i,False
U02520,False
U02882,False
U03056,False
U03090,False
U03115,False
U03187_f,False
U03187_i,False
U03398,False
U03399,False
U03644_f,False
U03735_i,False
U03858,False
U03877,False
U03886,False
U03905,False
U04270,False
U04636_i,False
U04735,False
U04806_f,False
U04806_i,False
U04811,False
U04897,False
U05227,False
U05291,False
U05572,False
U05659,False
U06233,False
U06641_i,False
U06711,False
U06715,False
U06863,False
U07132,False
U07151,False
U07223,False
U07364,False
U07559,False
U07681,False
U07695_i,False
U07882,False
U08023,False
U08137,False
U08377,False
U08815,False
U08998_f,False
U09088,False
U09279,False
U09304,False
U09410,False
U09412,False
U09607,False
U09608_f,False
U09825,False
U09851,False
U09860,False
U10301,False
U10324,False
U10362,False
U10686,False
U11037,False
U11090,False
U11292,False
U11690,False
U11701,False
U11791,False
U11813,False
U12134,False
U12255_i,False
U12255_r,False
U12431,False
U12569,False
U12597,False
U12775,False
U12978,False
U13045,False
U13616_i,False
U13737,False
U13877,False
U14187,False
U14394_f,False
U14528,False
U14603,False
U14658_f,False
U14747,False
U14971_i,False
U14973_f,False
U15085,False
U15173,False
U15212,False
U15552,False
U15688,False
U16954_i,False
U16997,False
U17033,False
U17163,False
U17195,False
U17278,False
U17327,False
U17714,False
U18121,False
U18288,False
U18300,False
U18420_i,False
U18467_f,False
U18550,False
U18914,False
U18918,False
U18937,False
U18985,False
U19142,False
U19143_f,False
U19523,False
U19557,False
U19568,False
U19718,False
U19796,False
U19977,False
U20141,False
U20325,False
U20510,False
U20537,False
U20659_f,False
U20860,False
U20972,False
U21049,False
U21663,False
U22322,False
U22431,False
U22897,False
U22963,False
U23736,False
U23851,False
U24076_f,False
U24166,False
U24389,False
U25041,False
U25265,False
U25676,False
U25956,False
U25994,False
U26311,False
U26312,False
U26398,False
U26401,False
U26403,False
U26648,False
U26712,False
U26727,False
U27185,False
U27328,False
U27337,False
U27699_i,False
U27699_r,False
U28049,False
U28131,False
U28170_f,False
U28251,False
U28252,False
U28686,False
U28687,False
U28694,False
U28838,False
U28963,False
U29092,False
U29171,False
U29175,False
U29344_i,False
U29344_r,False
U29607,False
U29725,False
U30255,False
U30329,False
U30521,False
U30825,False
U30827,False
U30828,False
U30884,False
U31176,False
U31215,False
U31216,False
U31248_f,False
U31278,False
U31346,False
U31383,False
U31384,False
U31556,False
U31875,False
U32331,False
U32519,False
U33017,False
U33054,False
U33267,False
U33328,False
U33429,False
U33849,False
U33920,False
U35113,False
U35116,False
U35835,False
U36310,False
U36621,False
U37012_f,False
U37251_f,False
U37251_i,False
U37359,False
U37529,False
U37673_f,False
U37690_r,False
U38175,False
U38980,False
U39050,False
U39195,False
U39196,False
U39360,False
U39817,False
V00505,False
V00520_f,False
V00520_i,False
V00522_f,False
V00523,False
V00530,False
V00532_f,False
V00533_i,False
V00533_r_i,False
V00536,False
X00351,False
X00356,False
X00588,False
X01057,False
X01060,False
X02152,False
X02404,False
X02751,False
X02812,False
X02875_f,False
X02875_i,False
X03484,False
X03635,False
X04106,False
X04201,False
X04450,False
X04571,False
X04827,False
X05196,False
X05232,False
X05299,False
X05615,False
X06268,False
X06290,False
X06318,False
X06815_i,False
X06815_r,False
X06956,False
X06985,False
X07024,False
X07109,False
X07290,False
X07495_i,False
X07696_i,False
X07696_r,False
X07767,False
X07876_r,False
X07881_f,False
X07882,False
X12466,False
X12671,False
X13097,False
X13451,False
X13452,False
X13897_i,False
X14346,False
X14787,False
X14894,False
X15149,False
X15217,False
X16070_r_i,False
X16135,False
X16155,False
X16281,False
X16282,False
X16316,False
X16323,False
X16351,False
X16416,False
X16434_f,False
X16665,False
X16667,False
X16707,False
X16983,False
X17405,False
X17576,False
X17668,False
X51346,False
X51362,False
X51405,False
X51417,False
X51698,False
X51730,False
X51798,False
X51943,False
X52001,False
X52011,False
X52142,False
X52192,False
X52220,False
X52479,False
X52520_f,False
X52520_r_i,False
X52773,False
X53321,False
X53468,False
X53655_f,False
X53683,False
X53741,False
X54101,False
X54131_i,False
X54162,False
X54741,False
X54867_f,False
X54870,False
X54871,False
X54936_f,False
X54936_r_i,False
X54942_f,False
X55188,False
X55715_f,False
X56597_f,False
X56654,False
X57025,False
X57147,False
X57303_i,False
X57830,False
X58234,False
X58288,False
X58377,False
X58399,False
X58521,False
X58840,False
X58987,False
X59372_f,False
X59727,False
X59869,False
X59871,False
X60382,False
X60702,False
X60708,False
X60787,False
X60957,False
X60992,False
X61072,False
X61079,False
X61100,False
X61118,False
X61177,False
X61587_f,False
X61587_i,False
X61587_r_i,False
X61755,False
X61972,False
X62048,False
X63359,False
X63380,False
X63422,False
X63454,False
X63468,False
X63469,False
X63597,False
X63613,False
X63629,False
X63657,False
X63755,False
X64037,False
X64229,False
X64559,False
X64594,False
X64728,False
X64878,False
X65019_f,False
X65024,False
X65488,False
X65873,False
X66087,False
X66357,False
X66360,False
X66363_f,False
X66503,False
X66533,False
X66534,False
X67235,False
X67325_i,False
X67334,False
X67513,False
X67594,False
X68148_f,False
X68148_r_i,False
X68242,False
X68303,False
X68561,False
X68830,False
X69089,False
X69090,False
X69115,False
X69141_r,False
X69392,False
X69490,False
X69550,False
X69838,False
X69920,False
X69970,False
X69978_f,False
X70297,False
X70340,False
X70394,False
X70683,False
X70944,False
X71440,False
X71661,False
X72012,False
X72018,False
X72089,False
X72304,False
X72389_f,False
X72755,False
X72964,False
X73114_f,False
X73424_f,False
X73478,False
X74104,False
X74874_f,False
X74987,False
X75042,False
X75208,False
X75308,False
X75500,False
X75918,False
X75962,False
X76060,False
X76061,False
X76091,False
X76092,False
X76228,False
X76488,False
X76648,False
X76942,False
X77094,False
X77130,False
X77548,False
X77737,False
X77743,False
X77922,False
X78031,False
X78669_f,False
X78669_i,False
X78669_r_i,False
X78678,False
X78817,False
X78931,False
X79198,False
X79204,False
X79683_f,False
X79683_i,False
X79981,False
X80062_f,False
X80197,False
X80230_f,False
X80230_r_i,False
X80343,False
X80497,False
X80878,False
X80910,False
X81120,False
X81333,False
X81422,False
X81438,False
X81788_r,False
X81836,False
X82224_f,False
X82224_i,False
X82434,False
X82494,False
X82850,False
X82895,False
X83107,False
X83228,False
X83299,False
X83300,False
X83572,False
X83858,False
X84700,False
X85106,False
X85740,False
X85786,False
X86019,False
X86401,False
X86681,False
X87160,False
X87212,False
X87342,False
X89066,False
X89430,False
X89984,False
X90583,False
X90828,False
X90872,False
X90908_f,False
X91233,False
X91911_f,False
X92814,False
X93499,False
Y00083,False
Y00291,False
Y00345,False
Y00406,False
Y00443,False
Y00705,False
Y00711_f,False
Y00815,False
Y00978,False
Y07512,False
Z11502,False
Z11584,False
Z11887,False
Z11899,False
Z12830,False
Z13009_f,False
Z14000_f,False
Z14000_r_i,False
Z14978_r,False
Z15108,False
Z15114,False
Z17227,False
Z18538,False
Z18859,False
Z19002_f,False
Z20656_i,False
Z21707,False
Z22534_r,False
Z22555,False
Z22572,False
Z22936,False
Z22970_r,False
Z23115_i,False
Z23115_r,False
Z23141,False
Z25521_f,False
Z25821_f,False
Z26317,False
Z29505,False
Z29677,False
Z29678,False
Z30425,False
Z31357_f,False
Z31357_i,False
Z32633,False
Z33642,False
Z34975,False
Z35093,False
Z35227,False
Z35307_f,False
Z36531_f,False
Z36714,False
Z38026,False
Z38102,False
Z46629_f,False
Z46788,False
Z46973,False
Z47553,False
Z48199,False
Z48541,False
Z48950,False
Z49199,False
Z49269_f,False
Z50101_i,False
Z50101_r,False
Z50788_f,False
BioB,True
BioC,True
D00003_f,True
D00003_i,True
D00003_r_i,True
D00137,True
D00265,True
D00408,True
D00596,True
D00860,True
D10202,True
D10216,True
D10511,True
D10522_i,True
D10522_r,True
D10523,True
D10570,True
D10656,True
D10704,True
D10922,True
D10923,True
D10924,True
D10925,True
D11094_f,True
D11428_i,True
D11428_r,True
D12625,True
D12676,True
D12686_r,True
D12765_i,True
D12765_r,True
D13138,True
D13168,True
D13243,True
D13292_i,True
D13292_r,True
D13315_i,True
D13315_r,True
D13540,True
D13626,True
D13627_f,True
D13628,True
D13630,True
D13634,True
D13635_i,True
D13635_r,True
D13636,True
D13637,True
D13638,True
D13639,True
D13640,True
D13641_f,True
D13641_i,True
D13641_r_i,True
D13642_f,True
D13642_r_i,True
D13644,True
D13705,True
D13902,True
D13969,True
D14043,True
D14134,True
D14539,True
D14660,True
D14662,True
D14664,True
D14665,True
D14686,True
D14689,True
D14695,True
D14812,True
D14838,True
D14874,True
D14970,True
D15049,True
D15056,True
D16111,True
D16227,True
D16469,True
D16481,True
D16581,True
D16593,True
D16626,True
D17400,True
D17525,True
D17530,True
D17532,True
D17570_i,True
D17716,True
D21090_i,True
D21163,True
D21205,True
D21209_r,True
D21260,True
D21261,True
D21262,True
D21337,True
D21851,True
D21852,True
D21878,True
D23672,True
D25215_f,True
D25216,True
D25217_i,True
D25217_r,True
D25218_f,True
D25218_i,True
D25278,True
D25303,True
D25304,True
D25538,True
D25539,True
D26018,True
D26067,True
D26068_f,True
D26070,True
D26121,True
D26129_f,True
D26135,True
D26309,True
D26350,True
D26361,True
D26443,True
D26488,True
D26528,True
D28124,True
D28475,True
D28513,True
D28538,True
D28588,True
D29642_f,True
D29642_i,True
D29642_r_i,True
D29677,True
D29805,True
D29808,True
D29810,True
D29956_i,True
D29958_f,True
D30036,True
D30037,True
D30742,True
D30755,True
D30756,True
D30758_i,True
D31716,True
D31762,True
D31765,True
D31766,True
D31784,True
D31846,True
D31883_f,True
D31883_r_i,True
D31886,True
D31887_f,True
D31887_i,True
D31887_r_i,True
D31888,True
D32046,True
D32201,True
D37931,True
D37932,True
D37933,True
D37965,True
D37984,True
D38044,True
D38145,True
D38163,True
D38171,True
D38293,True
D38449,True
D38496,True
D38522,True
D38524,True
D38537_i,True
D38548_f,True
D38549,True
D38553,True
D38554,True
D38555,True
D42041,True
D42043,True
D42044,True
D42045_i,True
D42046,True
D42047,True
D42053,True
D42054,True
D42063,True
D42072,True
D42084,True
D42087,True
D43638_f,True
D43638_i,True
D43638_r_i,True
D43768,True
D43772,True
D43947,True
D43948,True
D43951,True
D43969,True
D44497_f,True
D44497_i,True
D44497_r_i,True
D45887,True
D49357,True
D49396,True
D49490_f,True
D49493,True
D49547,True
D50063,True
D50487,True
D55673,True
D56494,True
D63813,True
D63875,True
D63876,True
D63877,True
D63879,True
D63880,True
D63881,True
D63998_f,True
D78134,True
D90064,True
D90144,True
D90145,True
D90150,True
D90187,True
D90188,True
D90224,True
D90226,True
D90278,True
D90282,True
D90313,True
D90359,True
H00278_i,True
H00278_r,True
H00297,True
H00327,True
H01142,True
H01163,True
H01340,True
H01408,True
H01420,True
H01482_r_i,True
H01652,True
H01677,True
H01943_f,True
H02031,True
H02258,True
H02337,True
H02465,True
H02540,True
H02574,True
H02613,True
H02848_f,True
H02861_f,True
H02861_i,True
H02869,True
H03346_f,True
H03375,True
H03471,True
H03504,True
H03864,True
H03945,True
H04238_f,True
H04239,True
H04282,True
H04333,True
H04461_r,True
H04654,True
H05222_f,True
H05264,True
H05285,True
H05300,True
H05323,True
H05398,True
H05605,True
H05672,True
H05814,True
H05893,True
H05910,True
H05935,True
H05978,True
H05986,True
H06061,True
H06189,True
H06199,True
H06201,True
H06231,True
H06405,True
H06489,True
H06512,True
H06524,True
H06695,True
H06706,True
H06715,True
H06865,True
H06970,True
H07121,True
H07136,True
H07142,True
H07871,True
H07899,True
H08056,True
H08188,True
H08191,True
H08203,True
H08351,True
H08613,True
H08637,True
H08639,True
H08749,True
H08776,True
H09089,True
H09099,True
H09149,True
H09263,True
H09273,True
H09305_r,True
H09319,True
H09334,True
H09351,True
H09356,True
H09517,True
H09542_i,True
H09572,True
H09599_f,True
H09599_i,True
H09665,True
H09721,True
H09723,True
H09781,True
H09959,True
H09986,True
H10033,True
H10045,True
H10083_r_i,True
H10308,True
H10841,True
H10852,True
H10925_f,True
H11036,True
H11054,True
H11064,True
H11084,True
H11095,True
H11257,True
H11347,True
H11377,True
H11380,True
H11460,True
H11582,True
H11633,True
H11658,True
H11661,True
H11751,True
H11773_f,True
H11947,True
H11954,True
H11975,True
H12338,True
H12470,True
H12855,True
H13120,True
H13133,True
H13238,True
H13272_i,True
H13272_r_i,True
H13281_f,True
H13281_i,True
H13281_r_i,True
H13292,True
H13822,True
H14341,True
H14574,True
H15069_f,True
H15069_i,True
H15069_r_i,True
H15124,True
H15162,True
H15288,True
H15417,True
H15447,True
H15525_i,True
H15528,True
H15531_f,True
H15531_i,True
H15571_f,True
H15571_r_i,True
H15662,True
H15811,True
H15813,True
H15815,True
H15934,True
H16256,True
H16396,True
H16402,True
H16583_f,True
H16583_i,True
H16597,True
H16709,True
H16714,True
H16769,True
H16799,True
H16804,True
H16809,True
H16991,True
H17108,True
H17124,True
H17127,True
H17434,True
H17491,True
H17636,True
H17883_f,True
H17964,True
H17969,True
H17978,True
H17979,True
H18070,True
H18248,True
H18451_f,True
H18464,True
H18855,True
H19123,True
H19208,True
H19238,True
H19309,True
H19413_f,True
H19413_r_i,True
H19467_f,True
H19615,True
H19794_f,True
H19794_i,True
H19874,True
H20045,True
H20162,True
H20426,True
H20434,True
H20512,True
H20529,True
H20543,True
H20571,True
H20802,True
H20822,True
H20845,True
H20856,True
H20974,True
H21042,True
H21532_i,True
H21532_r,True
H21958,True
H22456,True
H22573,True
H22579_i,True
H22948_i,True
H22948_r,True
H22965,True
H22993,True
H23005,True
H23012,True
H23098,True
H23135,True
H23229,True
H23235_f,True
H23235_i,True
H23235_r_i,True
H24002,True
H24033,True
H24245,True
H24250,True
H24263,True
H24310_f,True
H24310_i,True
H24310_r_i,True
H24346_f,True
H24579,True
H24596,True
H24635,True
H24754,True
H24769,True
H24956,True
H25130,True
H25136,True
H25391,True
H25940,True
H26016,True
H26166,True
H26360,True
H26419,True
H26673,True
H26965,True
H27004,True
H27202_f,True
H27277,True
H28070,True
H28111_f,True
H28131,True
H28140,True
H28176,True
H28438,True
H28466,True
H28547,True
H28780,True
H28929,True
H29015,True
H29170,True
H29256,True
H29265,True
H29295,True
H29308,True
H29320,True
H29322,True
H29326_f,True
H29483,True
H29485,True
H29546,True
H29577,True
H29627,True
H29761,True
H29824,True
H29833,True
H29838_i,True
H29854,True
H29877,True
H30387,True
H30556,True
H30638,True
H30660,True
H30740,True
H30746,True
H37929,True
H38185,True
H38231,True
H38288,True
H38531,True
H38628,True
H38679,True
H38966,True
H38990_i,True
H38990_r,True
H39076,True
H39671_r,True
H39819,True
H39830,True
H39991_f,True
H39991_i,True
H40013,True
H40137,True
H40353,True
H40416,True
H40624,True
H40635,True
H40677,True
H40697,True
H40891,True
H41017,True
H41129,True
H41261,True
H41406,True
H41528,True
H41732,True
H41758,True
H41921,True
H42477,True
H42884_f,True
H42927,True
H43049,True
H43328_f,True
H43419,True
H43717_i,True
H43717_r,True
H43887_f,True
H44007,True
H44011,True
H44200,True
H44437,True
H44446,True
H44764_i,True
H44764_r,True
H44802,True
H44953,True
H45051,True
H45265,True
H45466,True
H45526_f,True
H45526_i,True
H45679_f,True
H45824,True
H45967,True
H46136_f,True
H46554,True
H46624,True
H46934,True
H46990,True
H47080,True
H47085,True
H47107,True
H47376,True
H47623,True
H47646,True
H48051,True
H48072,True
H48098,True
H48100,True
H48122,True
H48175,True
H48246,True
H48515,True
H49309,True
H49325,True
H49433,True
H49435,True
H49525,True
H49587_f,True
H49587_i,True
H49592,True
H49870,True
H50114,True
H50129,True
H50240_r,True
H50516,True
H50548,True
H50623,True
H50679_i,True
H50679_r,True
H50700_f,True
H50849,True
H51034,True
H51118,True
H51221_f,True
H51221_r_i,True
H51272,True
H51311,True
H51324,True
H51404,True
H51554,True
H51797,True
H52141,True
H52207,True
H52531,True
H52655,True
H52832,True
H52992,True
H53270,True
H53323,True
H53533,True
H53836,True
H53866,True
H53869,True
H54091,True
H54235,True
H54425,True
H54636,True
H54752,True
H54792,True
H55758,True
H55893,True
H55916,True
H56192,True
H56470,True
H56497,True
H56546,True
H56608,True
H56686,True
H56693,True
H57727,True
H57731,True
H57958_f,True
H58091,True
H58121,True
H58224,True
H58254_f,True
H58254_i,True
H58363,True
H58387,True
H58397,True
H58614,True
H58951,True
H59127,True
H59260,True
H59551,True
H59599,True
H59719,True
H59756,True
H59796_f,True
H60175,True
H60429,True
H60581,True
H60597,True
H60702,True
H60823,True
H60824,True
H61231,True
H61410_f,True
H61410_i,True
H61452,True
H61471,True
H61535_f,True
H61535_i,True
H61563,True
H61730,True
H61739,True
H62029,True
H62245,True
H62380,True
H62466,True
H62556,True
H62826_i,True
H62828,True
H62835,True
H62844,True
H62851,True
H62854,True
H62885,True
H63086,True
H63094,True
H63361,True
H63737,True
H63780,True
H64009,True
H64172,True
H64261,True
H64328,True
H64398,True
H64423,True
H64427,True
H64489,True
H64505,True
H64555,True
H64807,True
H64836,True
H65019,True
H65087,True
H65116,True
H65121,True
H65182,True
H65187,True
H65223,True
H65327,True
H65355,True
H65425,True
H65441,True
H65605,True
H65662,True
H65823,True
H65870,True
H66005,True
H66153,True
H66316,True
H66363,True
H66786,True
H66974,True
H67092,True
H67367,True
H67370_f,True
H67370_i,True
H67547,True
H67551,True
H67764_f,True
H67886,True
H67899,True
H67901,True
H68165,True
H68220,True
H68239,True
H68358,True
H68366,True
H68374,True
H68719,True
H68838,True
H68922,True
H69078,True
H69167,True
H69184_f,True
H69351,True
H69521,True
H69674,True
H69681,True
H69695,True
H69716,True
H69744,True
H69834,True
H69843_f,True
H69843_i,True
H69843_r_i,True
H69872,True
H69878,True
H70250,True
H70487,True
H70491,True
H70604,True
H70609,True
H70635,True
H70878,True
H70912_f,True
H70912_i,True
H70912_r_i,True
H70924,True
H71150,True
H71191,True
H71210,True
H71214,True
H71488,True
H71666,True
H71863_f,True
H72011,True
H72231,True
H72764,True
H72850,True
H72939,True
H73050_i,True
H73050_r,True
H73062,True
H73086,True
H73160,True
H73214,True
H73279_f,True
H73279_i,True
H73336,True
H73413,True
H73619,True
H73714,True
H73751_f,True
H73751_i,True
H73757_f,True
H73757_i,True
H73757_r_i,True
H73758,True
H73908,True
H73943,True
H73962,True
H74007,True
H74178,True
H74208,True
H74265,True
H74280,True
H74283,True
H75527,True
H75547,True
H75632,True
H75746,True
H75867,True
H77306_f,True
H77385,True
H77502,True
H77597,True
H77603,True
H77662_f,True
H78329,True
H78346,True
H78386,True
H78400,True
H78404,True
H78807,True
H78816,True
H78819,True
H79136,True
H79296,True
H79329,True
H79341,True
H79492,True
H79507,True
H79575,True
H79781,True
H79817,True
H79819,True
H79823,True
H79974_f,True
H79974_i,True
H79974_r_i,True
H80114,True
H80215_f,True
H80215_i,True
H80240_f,True
H80240_i,True
H80259,True
H80262,True
H80543,True
H80739,True
H81202_i,True
H81220,True
H81313,True
H81396,True
H81413_i,True
H81413_r,True
H81586,True
H81620,True
H81650,True
H81821,True
H81848,True
H81864,True
H81946,True
H82083,True
H82100,True
H82204,True
H82228,True
H82272_i,True
H82272_r,True
H82409,True
H82435,True
H82631,True
H82729,True
H82741,True
H82746,True
H82820,True
H82970,True
H83003,True
H83112,True
H83392_f,True
H83392_i,True
H83460,True
H83699,True
H83703,True
H83844,True
H83996,True
H84061,True
H84154,True
H84178,True
H84249_i,True
H84789,True
H84804,True
H84912_f,True
H84913,True
H85102,True
H85123,True
H85478,True
H85596,True
H85835,True
H85849,True
H85953,True
H86039_i,True
H86039_r,True
H86045,True
H86060_i,True
H86071,True
H86488_i,True
H86546_f,True
H86546_i,True
H86554,True
H86583,True
H86783,True
H86799,True
H86803,True
H86995,True
H87001,True
H87176,True
H87184,True
H87189,True
H87193,True
H87216,True
H87269,True
H87343,True
H87358_f,True
H87462,True
H87476,True
H87709,True
H87716,True
H87729,True
H87730,True
H87743,True
H87789,True
H88296,True
H88327,True
H88360_f,True
H88360_i,True
H88522,True
H88665,True
H88787,True
H88809_i,True
H88809_r,True
H88876_f,True
H88888_r_i,True
H88898_i,True
H88898_r,True
H88938_f,True
H88945,True
H88978,True
H89333_f,True
H89357_f,True
H89507,True
H89604,True
H89688_f,True
H89688_i,True
H89921,True
H89939,True
H89949,True
H89983,True
H90055,True
H90136,True
H90139,True
H90495,True
H90535,True
H90691,True
H90763,True
H90874,True
H90894,True
H90906,True
H91248,True
H91274,True
H91298,True
H91299_f,True
H91475,True
H91679,True
H91680,True
H91713,True
H91826,True
H91834,True
H91842,True
H91948,True
H92024,True
H92059,True
H92182,True
H92463,True
H92506,True
H92523,True
H92556,True
H92621,True
H92639,True
J00123,True
J00140_i,True
J00146,True
J00214_f,True
J00214_i,True
J00214_r_i,True
J00231_f,True
J00269,True
J00270,True
J00287_f,True
J00301,True
J02761,True
J02763_f,True
J02770_f,True
J02783,True
J02814,True
J02854,True
J02888_f,True
J02906,True
J02923,True
J02931,True
J02940,True
J02963,True
J02973,True
J02988,True
J03004,True
J03037_f,True
J03037_r_i,True
J03040,True
J03060,True
J03068,True
J03075,True
J03077,True
J03133,True
J03143,True
J03161_i,True
J03210,True
J03239,True
J03258,True
J03460,True
J03473_i,True
J03478,True
J03544,True
J03565,True
J03569_i,True
J03600,True
J03634,True
J03639,True
J03727,True
J03779,True
J03798,True
J03802,True
J03810,True
J03824,True
J03827,True
J03853,True
J03870,True
J03925,True
J03930,True
J04027,True
J04076,True
J04080_i,True
J04080_r,True
J04130,True
J04132,True
J04156,True
J04162,True
J04173,True
J04177,True
J04182,True
J04440,True
J04443,True
J04474,True
J04599,True
J04621_i,True
J04621_r,True
J04739,True
J04760,True
J04765,True
J04794,True
J04813_f,True
J04838,True
J04990_f,True
J04990_i,True
J05008,True
J05016,True
J05017,True
J05032,True
J05068,True
J05125,True
J05158,True
J05200,True
J05235,True
J05252,True
J05428_f,True
J05448,True
J05459,True
J05480,True
J05556,True
J05682,True
K01144,True
K01740,True
K02566_f,True
K02566_i,True
K02566_r_i,True
K03001,True
K03191,True
K03192_f,True
K03192_r_i,True
K03193,True
K03195,True
K03208_f,True
K03474_i,True
L00022,True
L00073,True
L00190_f,True
L00354,True
L00389,True
L00635,True
L01664,True
L02320,True
L02321,True
L02547,True
L02840,True
L02870,True
L02931,True
L02932,True
L03378,True
L04270,True
L04510,True
L04733,True
L04751,True
L04791,True
L04947,True
L04953,True
L05144,True
L05485_f,True
L05500,True
L05624,True
L06111_r,True
L06147,True
L06175,True
L06328,True
L06419,True
L06633,True
L06845,True
L06850,True
L06895,True
L07032,True
L07033,True
L07335_f,True
L07414,True
L07592,True
L07594_f,True
L07594_i,True
L07597,True
L07615,True
L07648,True
L07738,True
L07810,True
L07919,True
L07949,True
L07956_i,True
L08044,True
L08096,True
L08177,True
L08187,True
L08424,True
L08485,True
L08599,True
L08850,True
L08893,True
L08895,True
L09159_f,True
L09159_i,True
L09190,True
L09234,True
L09235,True
L09237,True
L09247,True
L09604,True
L09753,True
L10035,True
L10101,True
L10125,True
L10284,True
L10335,True
L10413,True
L10665,True
L10717,True
L10844,True
L10911,True
L11015,True
L11244_f,True
L11329,True
L11353,True
L11370,True
L11373_f,True
L11373_i,True
L11373_r_i,True
L11695,True
L11701,True
L11702,True
L11706,True
L11708_f,True
L11708_i,True
L11931,True
L12052,True
L12168,True
L12350,True
L12398_f,True
L12468,True
L12535,True
L12686,True
L12693_i,True
L12693_r_i,True
L12723,True
L12760,True
L12964,True
L13258,True
L13286,True
L13385,True
L13434,True
L13463,True
L13616,True
L13689,True
L13698,True
L13738,True
L13740,True
L13939,True
L13943,True
L14430,True
L14542,True
L14595,True
L14754,True
L14812,True
L14837_f,True
L14837_i,True
L14837_r_i,True
L14848_f,True
L14848_i,True
L14922,True
L14927,True
L15189,True
L15309,True
L15388_f,True
L15388_r_i,True
L16242,True
L16464,True
L16510,True
L16782,True
L16794,True
L16862,True
L16895,True
L16896_f,True
L17075,True
L17325,True
L17330,True
L18865,True
L18877,True
L18887,True
L18920,True
L18960,True
L19067,True
L19315,True
L19401,True
L19437_f,True
L19437_i,True
L19711,True
L19760,True
L19778_f,True
L19871,True
L19872_f,True
L19872_i,True
L19872_r_i,True
L19956,True
L20298,True
L20316,True
L20431,True
L20433,True
L20469,True
L20492_f,True
L20688,True
L20815,True
L20826,True
L20852,True
L20859,True
L20965,True
L20977,True
L21181,True
L21715,True
L21893_f,True
L21893_r_i,True
L22005,True
L22009_r,True
L22075,True
L22214,True
L22342_f,True
L22548_r_i,True
L22650,True
L23116,True
L23823,True
L23852,True
L23959,True
L24038,True
L24564,True
L24774,True
L25081,True
L25119,True
L25270,True
L25285,True
L25441,True
L25541,True
L25597,True
L25615,True
L25616,True
L25665,True
L26050_i,True
L26081,True
L26318,True
L26339,True
L26405_i,True
L26405_r,True
L27050,True
L27071,True
L27476_f,True
L27479,True
L27670,True
L27745,True
L27841_f,True
L27841_i,True
L27943,True
L28010,True
L28824,True
L28957,True
L29216,True
L29220,True
L29222,True
L29254,True
L29339,True
L29529,True
L31409,True
L31801,True
L31951,True
L32137_r,True
L32140_i,True
L32164,True
L32179,True
L32961,True
L32977,True
L33075,True
L33243_i,True
L33243_r,True
L33477,True
L33799_f,True
L33799_i,True
L33881_f,True
L33930,True
L34035,True
L34041,True
L34056_f,True
L34059,True
L34075,True
L34155,True
L34219,True
L34355,True
L34357,True
L34657,True
L34774,True
L34820_f,True
L34820_i,True
L34840,True
L35249,True
L35279,True
L35545,True
L35546_f,True
L36069,True
L36531,True
L36566,True
L36645,True
L36719,True
L36818,True
L36844_f,True
L36870,True
L37033,True
L37042,True
L37043,True
L37086,True
L37112,True
L37362,True
L37378,True
L37792,True
L37936,True
L38019,True
L38503_r_i,True
L38517,True
L38608,True
L38734,True
L38810_f,True
L38928_f,True
L38928_i,True
L38929,True
L38951,True
L38961,True
L39059_f,True
L39059_i,True
L39060,True
L39064,True
L39833,True
L39874,True
L40027,True
L40357,True
L40371,True
L40380,True
L40393,True
L40394,True
L40399,True
L40400,True
L40403,True
L40410,True
L40557,True
L40904,True
L40992,True
L41067,True
L41142_i,True
L41142_r,True
L41143,True
L41559,True
L41643,True
L41870,True
L41919,True
L42110,True
L42373,True
L42374,True
L42450,True
L42451,True
L42452,True
L42612_r,True
L43964,True
L46353,True
L47162_f,True
L47574,True
L47724,True
L47738,True
L49207,True
L49212_f,True
L49212_i,True
L49218_f,True
L49218_i,True
L49220,True
L49231,True
M10058,True
M10065_r_i,True
M10321,True
M10373,True
M10901,True
M10938,True
M10988,True
M11025_f,True
M11058,True
M11166_r,True
M11186_i,True
M11186_r,True
M11309,True
M11433,True
M11568,True
M11722,True
M11730,True
M11799,True
M12272_f,True
M12623,True
M12849,True
M12959,True
M12996,True
M13058,True
M13143,True
M13144,True
M13150,True
M13452,True
M13560,True
M13577_f,True
M13577_i,True
M13577_r_i,True
M13665,True
M13686_f,True
M13686_i,True
M13699_f,True
M13755_f,True
M13792,True
M13829,True
M13928_f,True
M13975,True
M13995,True
M14083,True
M14502,True
M14603,True
M14630,True
M14648,True
M14764_i,True
M14764_r,True
M14766,True
M15331,True
M15395,True
M15476,True
M15798_f,True
M15798_i,True
M15881,True
M16029_f,True
M16029_i,True
M16276,True
M16447,True
M16474,True
M16505,True
M16630,True
M16653,True
M16707,True
M16801,True
M16827,True
M16961,True
M16965,True
M16967_f,True
M17183,True
M17219,True
M17236_f,True
M17236_i,True
M17252,True
M17254,True
M17398,True
M17410,True
M17446,True
M17754,True
M18079,True
M18216,True
M18372,True
M18700,True
M18737_f,True
M18737_i,True
M18930,True
M19159,True
M19283,True
M19301,True
M19309,True
M19714,True
M19722,True
M20030,True
M20311,True
M20429,True
M20543_i,True
M20543_r_i,True
M20560,True
M20566,True
M20786,True
M21054,True
M21121,True
M21154,True
M21186_f,True
M21186_i,True
M21188,True
M21302,True
M21389,True
M21539,True
M21868,True
M21984,True
M22324,True
M22349,True
M22403,True
M22488_f,True
M22490,True
M22612,True
M22638,True
M22734,True
M22760,True
M22806,True
M22995,True
M23068,True
M23114,True
M23115,True
M23254,True
M23379,True
M23410,True
M23419_f,True
M23419_i,True
M24069,True
M24283,True
M24364,True
M24398_f,True
M24400_f,True
M24400_i,True
M24439,True
M24486,True
M24559,True
M24736_f,True
M24736_i,True
M24736_r_i,True
M25108,True
M25160,True
M25269,True
M25280_f,True
M25317_f,True
M25317_i,True
M25322_f,True
M25393,True
M25667,True
M25756,True
M25809_i,True
M25809_r,True
M26039,True
M26061_f,True
M26383,True
M26658,True
M26664,True
M26679,True
M26682,True
M26683,True
M27161,True
M27190,True
M27274,True
M27281,True
M27318,True
M27396_f,True
M27396_i,True
M27492_i,True
M27492_r_i,True
M27533,True
M27539,True
M27543,True
M27602,True
M27635_i,True
M27691,True
M27783_f,True
M27783_i,True
M27819,True
M27826,True
M27907,True
M28128_f,True
M28129_f,True
M28209,True
M28210_f,True
M28214_f,True
M28214_i,True
M28219,True
M28249,True
M28373,True
M28585_f,True
M28585_i,True
M28585_r_i,True
M28622,True
M28650_f,True
M28650_i,True
M28696,True
M28697_f,True
M28697_i,True
M28826,True
M28880,True
M28882_i,True
M28983,True
M29038,True
M29150,True
M29273_i,True
M29273_r,True
M29447,True
M29540,True
M29550,True
M29551,True
M29581,True
M29696,True
M29873_f,True
M29873_r_i,True
M29874_f,True
M30269,True
M30448,True
M30471,True
M30474_f,True
M30607,True
M30629_f,True
M30704,True
M30818,True
M30838,True
M31013,True
M31115,True
M31158,True
M31210,True
M31222,True
M31303,True
M31328,True
M31516_f,True
M31516_i,True
M31516_r_i,True
M31630,True
M31682,True
M31724,True
M31776,True
M32011,True
M32215,True
M32313,True
M32315,True
M32373,True
M32639_i,True
M32800,True
M32879,True
M32886,True
M33197,True
M33210,True
M33308,True
M33336,True
M33388_f,True
M33478,True
M33491,True
M33653,True
M33664_f,True
M33664_i,True
M33666,True
M33680,True
M33906,True
M34046,True
M34057,True
M34064,True
M34065,True
M34175_f,True
M34181,True
M34189,True
M34309,True
M34344,True
M34424,True
M34458,True
M34539,True
M34551,True
M34570,True
M34667,True
M34715,True
M35011,True
M35198_f,True
M35198_i,True
M35252,True
M35296,True
M35410,True
M35416,True
M35418,True
M35543,True
M35878,True
M36200,True
M36634,True
M36661,True
M36821,True
M37033,True
M37400,True
M37435,True
M37721,True
M37766,True
M37984_f,True
M37984_r_i,True
M38258,True
M38451_i,True
M38561_f,True
M38561_i,True
M38690,True
M54886,True
M54927,True
M54951,True
M54992,True
M55067,True
M55131,True
M55153,True
M55172,True
M55265,True
M55268,True
M55284,True
M55422,True
M55513_f,True
M55513_i,True
M55514,True
M55543,True
M55574,True
M55580,True
M55621,True
M55683,True
M57230,True
M57246,True
M57466,True
M57506,True
M57567,True
M57627,True
M57703,True
M57710,True
M57732,True
M57763,True
M57965,True
M58050,True
M58285,True
M58286,True
M58297_f,True
M58583,True
M58597,True
M59040,True
M59199,True
M59371_f,True
M59465,True
M59807,True
M59819,True
M59911,True
M59941,True
M59979,True
M60278,True
M60314_f,True
M60335,True
M60346,True
M60396,True
M60502,True
M60614,True
M60626,True
M60756,True
M60830,True
M60922_i,True
M60922_r,True
M61199,True
M61763,True
M61858,True
M61877_i,True
M62303,True
M62324,True
M62397,True
M62400,True
M62505,True
M62762,True
M62810,True
M62831,True
M62843,True
M63072,True
M63108,True
M63175,True
M63239,True
M63391,True
M63603,True
M63618,True
M63888,True
M63889,True
M63904,True
M63928,True
M63959,True
M64082,True
M64098,True
M64099,True
M64231,True
M64347,True
M64497_f,True
M64554_i,True
M64572,True
M64595,True
M64673,True
M64752,True
M64788,True
M64929,True
M65028,True
M65066,True
M65105,True
M65209,True
M65217_r,True
M65261,True
M65290,True
M67454_f,True
M67454_r_i,True
M68516,True
M68519,True
M68891,True
M69013,True
M69043,True
M69066_f,True
M69181,True
M69199,True
M69238,True
M72393,True
M73077,True
M73481,True
M73547,True
M73720,True
M73778,True
M73780,True
M73832,True
M74002_f,True
M74002_i,True
M74002_r_i,True
M74047,True
M74088,True
M74089,True
M74096,True
M74290,True
M74297,True
M74509,True
M74525,True
M74558,True
M74718,True
M74782,True
M74826,True
M74903,True
M75106,True
M75110,True
M75126,True
M75883,True
M75914_f,True
M76378_f,True
M76378_i,True
M76378_r_i,True
M76482,True
M76558,True
M76559,True
M76676,True
M77016,True
M77140,True
M77198,True
M77235,True
M77349,True
M77477,True
M77693,True
M77698,True
M77810,True
M77836,True
M79462,True
M79463,True
M80335,True
M80359,True
M80461,True
M80469,True
M80478,True
M80482_r,True
M80613,True
M80629,True
M80783,True
M80815,True
M80927,True
M81057_i,True
M81104,True
M81181,True
M81182,True
M81349,True
M81379,True
M81600,True
M81601,True
M81637_f,True
M81637_i,True
M81637_r_i,True
M81651,True
M81695,True
M81735_f,True
M81768,True
M81778,True
M81840,True
M81882,True
M81933,True
M81934,True
M82827,True
M82967,True
M83221,True
M83254_f,True
M83254_i,True
M83363,True
M83554,True
M83664,True
M83667,True
M83670,True
M83738,True
M83751,True
M83772,True
M84326,True
M84337,True
M84349,True
M84409,True
M84424,True
M84443,True
M84490,True
M84526_f,True
M84605,True
M84721,True
M84739,True
M84741,True
M84757,True
M85079_i,True
M85164,True
M85165,True
M85168,True
M85169,True
M85217,True
M85289,True
M86406,True
M86407,True
M86546,True
M86553,True
M86752,True
M86757_f,True
M86757_i,True
M86826,True
M86842,True
M86868,True
M86917_f,True
M86917_i,True
M86933,True
M86934,True
M87284,True
M87290_i,True
M87290_r_i,True
M87434,True
M87503,True
M87507_f,True
M87770_f,True
M87770_r_i,True
M87772,True
M87789_f,True
M88279,True
M88338,True
M89473,True
M89914,True
M90104,True
M90391,True
M90516_f,True
M90656,True
M90684_f,True
M90696,True
M91083,True
M91196,True
M91211,True
M91368,True
M91467,True
M91556,True
M91585,True
M91669,True
M92287,True
M92357,True
M92432,True
M92449,True
M92843_i,True
M92843_r,True
M93010,True
M93119,True
M93143,True
M93283_f,True
M93283_i,True
M93425,True
M93426_f,True
M93426_i,True
M93426_r_i,True
M93718,True
M94055,True
M94077,True
M94203,True
M94250,True
M94345_r_i,True
M94547_f,True
M94890,True
M95178,True
M95549,True
M95586_f,True
M95586_r_i,True
M95678,True
M95712_f,True
M95767,True
M95787,True
M95809,True
M95929,True
M96233,True
M96322,True
M96577,True
M96651,True
M96803,True
M96824,True
M96839_i,True
M96839_r,True
M96843_i,True
M96843_r_i,True
M96956,True
M96980,True
M97191_f,True
M97370,True
M97388,True
M97496,True
M97639,True
M97676,True
M97759,True
M97815,True
M97925,True
M98326_f,True
M98331,True
M98343,True
M98478,True
M98525,True
M98528,True
M99061,True
M99422_i,True
M99422_r_i,True
M99439,True
M99487,True
M99564,True
M99578,True
M99626,True
R00044,True
R00234,True
R00254,True
R00273,True
R00285,True
R00436,True
R00451,True
R00453_i,True
R00544,True
R00822,True
R00861_i,True
R01072,True
R01149,True
R01154,True
R01157,True
R01194,True
R01206,True
R01216_f,True
R01216_i,True
R01227,True
R01430,True
R02153_f,True
R02153_i,True
R02155,True
R02164,True
R02293,True
R02337,True
R02362_i,True
R02558,True
R02571,True
R02585,True
R02593_f,True
R02593_i,True
R05463,True
R05465,True
R05515,True
R05707,True
R05805,True
R05820,True
R05922_f,True
R05922_i,True
R05941,True
R06421,True
R06446,True
R06580,True
R06600,True
R06601,True
R06605,True
R06627,True
R06692,True
R06749,True
R06764,True
R06977_i,True
R07007,True
R07121,True
R07164,True
R07333,True
R07492,True
R07708,True
R08021,True
R08170_f,True
R08175_i,True
R08175_r,True
R08183,True
R08273,True
R08560,True
R08578,True
R08829_f,True
R08829_i,True
R09245,True
R09400,True
R09468,True
R09480,True
R09497,True
R09502,True
R09561_f,True
R09561_i,True
R10066,True
R10142,True
R10161,True
R10378_i,True
R10396_r,True
R10596,True
R10620_f,True
R10620_i,True
R10664,True
R10681,True
R10707,True
R11054,True
R11064,True
R11485,True
R11516_f,True
R11667,True
R11676,True
R12389,True
R12405,True
R12494,True
R12669,True
R12810,True
R14852,True
R14958_i,True
R14958_r,True
R15447_f,True
R15740,True
R15749,True
R15814,True
R15876,True
R15926_f,True
R15926_r_i,True
R15944,True
R16077_i,True
R16077_r,True
R16098,True
R16153,True
R16199,True
R16250_f,True
R16250_i,True
R16255,True
R16541,True
R16543,True
R16547,True
R16659,True
R16665,True
R16783,True
R16804,True
R16808,True
R16815,True
R16896,True
R16910,True
R16980,True
R17017,True
R17059,True
R17074,True
R17685,True
R17909,True
R17914,True
R17928,True
R19361,True
R20538,True
R20554,True
R20649,True
R20666,True
R20791,True
R20804,True
R21226,True
R21427,True
R21543,True
R21737,True
R21832,True
R21857_i,True
R21857_r,True
R22203,True
R22228,True
R22594,True
R22791,True
R22816_f,True
R22816_i,True
R23203,True
R23246,True
R23249,True
R23889,True
R23907,True
R23924,True
R24080,True
R24194,True
R24425_f,True
R25120,True
R25657_f,True
R26061,True
R26063,True
R26139,True
R26146,True
R26271,True
R26456,True
R26558,True
R26668,True
R26735,True
R27017,True
R27042,True
R27310,True
R27357,True
R27369,True
R27474,True
R27777,True
R27813,True
R28029_f,True
R28281,True
R28371,True
R28373,True
R30939_f,True
R30939_i,True
R30939_r_i,True
R31115,True
R31259,True
R31494,True
R31518,True
R31541,True
R31571,True
R31698_i,True
R31698_r,True
R31701,True
R32120,True
R32374,True
R32446,True
R32457_f,True
R32457_i,True
R32457_r_i,True
R32478,True
R32511,True
R32771,True
R32773,True
R32804,True
R32841,True
R32858,True
R32864,True
R33007_f,True
R33007_i,True
R33007_r_i,True
R33367,True
R33481,True
R33498,True
R33881_i,True
R33881_r,True
R34098_f,True
R34098_i,True
R34160_f,True
R34245,True
R34301,True
R34359,True
R34698,True
R34701,True
R34830,True
R35063,True
R35645,True
R35665,True
R35885,True
R35903,True
R35976,True
R36455_f,True
R36467,True
R36549,True
R36644,True
R36860,True
R36905,True
R36973,True
R36976,True
R36977,True
R37053,True
R37112,True
R37114,True
R37128,True
R37246,True
R37276_i,True
R37276_r,True
R37405,True
R37412,True
R37417,True
R37480,True
R37660_s,True
R37668_f,True
R37741,True
R37772_f,True
R37772_i,True
R37799,True
R37802,True
R37837,True
R37866,True
R37964,True
R38017,True
R38024,True
R38198,True
R38222,True
R38284,True
R38292,True
R38343,True
R38444,True
R38476,True
R38513_i,True
R38513_r_i,True
R38604,True
R38636,True
R38658,True
R38755,True
R38758,True
R39006,True
R39052,True
R39104,True
R39111_f,True
R39130,True
R39141,True
R39144_f,True
R39184,True
R39209_f,True
R39209_i,True
R39209_r_i,True
R39221,True
R39315_i,True
R39317,True
R39356_i,True
R39465_f,True
R39465_i,True
R39483,True
R39599,True
R39681_i,True
R39681_r,True
R39857,True
R39904,True
R39931,True
R40017,True
R40184_i,True
R40184_r,True
R40244,True
R40253,True
R40263,True
R40387,True
R40403,True
R40446,True
R40578_f,True
R40615,True
R40676,True
R40717_f,True
R40717_i,True
R40767,True
R40776_f,True
R40795,True
R40817,True
R41324,True
R41325_f,True
R41325_i,True
R41349,True
R41366_f,True
R41562,True
R41592,True
R41628,True
R41673,True
R41705_f,True
R41715,True
R41765,True
R41791_f,True
R41827,True
R41866_f,True
R41866_i,True
R41866_r_i,True
R41878,True
R41881,True
R41941_i,True
R41967,True
R41973,True
R41997,True
R42029,True
R42043,True
R42070,True
R42095,True
R42127,True
R42152,True
R42187,True
R42235,True
R42244,True
R42265,True
R42275,True
R42291,True
R42433,True
R42496,True
R42560,True
R42570,True
R42625,True
R42761,True
R42762,True
R42765,True
R42797,True
R42837,True
R42848,True
R42857,True
R42994_i,True
R43023,True
R43064,True
R43116,True
R43170,True
R43174,True
R43189,True
R43249,True
R43287,True
R43309,True
R43344,True
R43365,True
R43381,True
R43452,True
R43507,True
R43660,True
R43734,True
R43747,True
R43766,True
R43769,True
R43863,True
R43911,True
R43928_f,True
R43928_i,True
R43931,True
R43936,True
R43942,True
R43945,True
R43953,True
R44007,True
R44021,True
R44057,True
R44072,True
R44112,True
R44342,True
R44363,True
R44418,True
R44494,True
R44604,True
R44628,True
R44677_f,True
R44677_i,True
R44677_r_i,True
R44687,True
R44704,True
R44720,True
R44734,True
R44740,True
R44798,True
R44860,True
R44884,True
R44887,True
R44895,True
R44970,True
R45008_i,True
R45172,True
R45222,True
R45299,True
R45324_f,True
R45324_i,True
R45324_r_i,True
R45349,True
R45364,True
R45433,True
R45442,True
R45454_f,True
R45454_i,True
R45529,True
R45543,True
R45583,True
R45589,True
R45666,True
R45687,True
R45943_r,True
R46069,True
R46202,True
R46261,True
R46354,True
R46493,True
R46528,True
R46576,True
R46699_f,True
R46699_i,True
R46731,True
R46739,True
R46740,True
R46753_f,True
R46756_f,True
R46759,True
R47888,True
R47961,True
R47976,True
R48243,True
R48274_f,True
R48302,True
R48303,True
R48492,True
R48578,True
R48588,True
R48602,True
R48604,True
R48613,True
R48936_f,True
R48936_i,True
R48972,True
R49008,True
R49044,True
R49046,True
R49144,True
R49162_i,True
R49162_r,True
R49169,True
R49173,True
R49217,True
R49220,True
R49257_i,True
R49257_r,True
R49291,True
R49293,True
R49346,True
R49446_s,True
R49459,True
R49477,True
R49510,True
R49531,True
R49542,True
R49565,True
R49567,True
R49657,True
R49670,True
R49719,True
R49815,True
R49825,True
R49850,True
R49964,True
R49974_f,True
R50129,True
R50158,True
R50329,True
R50337,True
R50354_f,True
R50367,True
R50419,True
R50460_f,True
R50460_i,True
R50475,True
R50482,True
R50505,True
R50534,True
R50684,True
R50715,True
R50730,True
R50736,True
R50768_f,True
R50768_i,True
R50776,True
R50839,True
R50844_f,True
R50844_i,True
R50844_r_i,True
R50846,True
R50864_f,True
R50976,True
R51050,True
R51077,True
R51177,True
R51200,True
R51311,True
R51322,True
R51502,True
R51547,True
R51644,True
R51749,True
R51753,True
R51768_f,True
R51856,True
R51861_f,True
R51990,True
R52030,True
R52038,True
R52081,True
R52090,True
R52271,True
R52393,True
R52511,True
R52521,True
R52644_f,True
R52690,True
R52961_i,True
R52961_r_i,True
R53036,True
R53063,True
R53092,True
R53247,True
R53589,True
R53612,True
R53633,True
R53747,True
R53769,True
R53884,True
R53931,True
R53933,True
R53936,True
R53942,True
R53967,True
R54061,True
R54097,True
R54183_f,True
R54317,True
R54339,True
R54359,True
R54401,True
R54471,True
R54492,True
R54665,True
R54726,True
R54818,True
R54837,True
R54838,True
R54846,True
R54854,True
R54926,True
R54957,True
R55185,True
R55296,True
R55303_f,True
R55303_r_i,True
R55310,True
R55372,True
R55687,True
R55748,True
R55750,True
R55782_f,True
R55800,True
R56052,True
R56207,True
R56221,True
R56401,True
R56443,True
R56632,True
R56825,True
R56869,True
R56872,True
R56892_i,True
R56892_r,True
R58976,True
R59152,True
R59199,True
R59308,True
R59312,True
R59505,True
R59537,True
R59575_f,True
R59577,True
R59617,True
R59902_r_i,True
R59919,True
R59934_f,True
R59977,True
R60023,True
R60141,True
R60168,True
R60181,True
R60195,True
R60332_i,True
R60338,True
R60339,True
R60357,True
R60583_f,True
R60739,True
R60877,True
R60883,True
R60892,True
R60906,True
R60944,True
R60956,True
R60967,True
R60977,True
R61309,True
R61324,True
R61332,True
R61359,True
R61366,True
R61381_r,True
R61393_i,True
R61502,True
R61831_i,True
R61831_r_i,True
R61874_i,True
R61874_r_i,True
R62169,True
R62438,True
R62459,True
R62549,True
R62557,True
R62940,True
R62945,True
R62946_i,True
R63240,True
R63388,True
R63621,True
R63714,True
R63934,True
R64125,True
R64604,True
R66314_f,True
R67013,True
R67017,True
R67018,True
R67027,True
R67030,True
R67072,True
R67075_f,True
R67280,True
R67315,True
R67343,True
R67462_f,True
R67868,True
R67921,True
R67987_f,True
R67987_i,True
R68568,True
R68658,True
R68987,True
R69071,True
R69113,True
R69154,True
R69440,True
R69456,True
R69862,True
R70008_f,True
R70008_i,True
R70008_r_i,True
R70016,True
R70030,True
R70200,True
R70253,True
R70383,True
R70479_f,True
R70479_r_i,True
R70488,True
R70505,True
R70790,True
R70806,True
R71212_f,True
R71212_r_i,True
R71251_f,True
R71251_i,True
R71251_r_i,True
R71383,True
R71467_f,True
R71496,True
R71505,True
R71585,True
R71651_i,True
R71651_r_i,True
R71676,True
R71783,True
R71875,True
R72104,True
R72164,True
R72296,True
R72300,True
R72374,True
R72439,True
R72653,True
R72763,True
R72827,True
R72846,True
R72874,True
R73052,True
R73128,True
R73450,True
R73461,True
R73487,True
R73490,True
R73514,True
R73789,True
R73844_i,True
R73850,True
R74066,True
R74169,True
R74203,True
R74208,True
R74349_f,True
R74349_i,True
R74349_r_i,True
R74388,True
R74454,True
R75641,True
R75820,True
R75893_f,True
R75893_i,True
R76248,True
R76254,True
R76263,True
R76469,True
R76825,True
R76863,True
R77210,True
R77214,True
R77220,True
R77270,True
R77282,True
R77431,True
R77447,True
R77503,True
R77633_f,True
R77633_i,True
R77633_r_i,True
R77794,True
R77824,True
R78142,True
R78220,True
R78291,True
R78360,True
R78478,True
R78595,True
R78709,True
R78927,True
R78934_f,True
R78950,True
R79368,True
R79444,True
R79784_i,True
R79948_f,True
R80141,True
R80179_f,True
R80184,True
R80216,True
R80400,True
R80402,True
R80427,True
R80612,True
R80668,True
R80703,True
R80818,True
R80855,True
R80966,True
R81170,True
R81175,True
R81330_f,True
R81353,True
R81959,True
R82523_f,True
R82597,True
R82656,True
R82667,True
R82938,True
R83024,True
R83027,True
R83285,True
R83299,True
R83313_f,True
R84974,True
R85266,True
R85282_f,True
R85366_f,True
R85366_i,True
R85474,True
R85482_f,True
R85558,True
R85613,True
R85616,True
R85654_i,True
R85674,True
R85690,True
R85938,True
R85981_f,True
R85981_i,True
R86696,True
R86842,True
R86937_r,True
R86960,True
R87126_f,True
R87126_i,True
R87218,True
R87702,True
R87747,True
R87762,True
R87970,True
R88267,True
R88520,True
R88575,True
R88736,True
R88747,True
R89046,True
R89067_i,True
R89084,True
R89278_f,True
R89278_i,True
R89377,True
R89477,True
R89566,True
R89567,True
R89715_f,True
R89715_i,True
R89823,True
R90908,True
R91051,True
R91064,True
R91573,True
R91912,True
R91922,True
R91930,True
R92146,True
R92153,True
R92489,True
R92716,True
R92821,True
R93089,True
R93208,True
R93337,True
R93404_f,True
R94219,True
R94465,True
R94499,True
R94500,True
R94513,True
R94588_f,True
R94588_i,True
R94861,True
R94961,True
R94967_f,True
R94969,True
R95747,True
R95765,True
R95862,True
R95962,True
R95977,True
R96070,True
R96220,True
R96357,True
R96656_f,True
R96909_f,True
R97099,True
R97303_f,True
R97691,True
R97805,True
R97831,True
R97833,True
R97912,True
R97980,True
R97985,True
R98008,True
R98017,True
R98171,True
R98189_f,True
R98189_i,True
R98335_f,True
R98410,True
R98600,True
R98842,True
R98945_f,True
R98945_i,True
R98947,True
R98959,True
R99177,True
R99185,True
R99200,True
R99202,True
R99208,True
R99230,True
R99527,True
R99578_i,True
R99578_r_i,True
R99591,True
R99601,True
R99808,True
R99907_f,True
R99907_i,True
R99907_r_i,True
R99935,True
R99946,True
T40440,True
T40454_f,True
T40454_i,True
T40464,True
T40507,True
T40568_i,True
T40568_r,True
T40578,True
T40595,True
T40608,True
T40634,True
T40637,True
T40645,True
T40653_i,True
T40653_r,True
T40701,True
T40845,True
T40922,True
T40949_f,True
T40973,True
T41074_i,True
T41078,True
T41117,True
T41139,True
T41199,True
T41204,True
T41207,True
T41234,True
T46880,True
T46888,True
T46924,True
T46933,True
T46996,True
T47213,True
T47234,True
T47276,True
T47297,True
T47330,True
T47377,True
T47383,True
T47424,True
T47562_f,True
T47562_i,True
T47566,True
T47584,True
T47601,True
T47778,True
T48035,True
T48039,True
T48041,True
T48161,True
T48612,True
T48692,True
T48759,True
T48804,True
T48904,True
T48950_f,True
T48950_r_i,True
T49020_i,True
T49020_r,True
T49125,True
T49192_r,True
T49327,True
T49397_f,True
T49423,True
T49429,True
T49466,True
T49540_i,True
T49540_r,True
T49647_f,True
T49703,True
T49728,True
T49837,True
T49838,True
T49870,True
T49941,True
T49945,True
T50086,True
T50113,True
T50211,True
T50389,True
T50397,True
T50410,True
T50501,True
T50511,True
T50661,True
T50678_r_i,True
T50787,True
T50797,True
T50799,True
T51139,True
T51206,True
T51211,True
T51244_f,True
T51244_r_i,True
T51250,True
T51288,True
T51493,True
T51496,True
T51529,True
T51545_f,True
T51558,True
T51560,True
T51570,True
T51571,True
T51574,True
T51617,True
T51621,True
T51849_f,True
T51852,True
T51856,True
T51858,True
T51955,True
T51961,True
T52003_r,True
T52014,True
T52015,True
T52017,True
T52150,True
T52196,True
T52201,True
T52342_i,True
T52342_r,True
T52343,True
T52484,True
T52520,True
T52529_f,True
T52529_i,True
T52529_r_i,True
T52624,True
T52642,True
T52678,True
T52698,True
T52806,True
T52869,True
T52905,True
T53118,True
T53138,True
T53244_f,True
T53244_i,True
T53277,True
T53389,True
T53396_i,True
T53412,True
T53429,True
T53509,True
T53535,True
T53609,True
T53694,True
T53743,True
T53830_f,True
T53830_i,True
T53889,True
T54095,True
T54155,True
T54303,True
T54317,True
T54341,True
T54360,True
T54494,True
T54547,True
T54650,True
T54662,True
T54767,True
T54871,True
T54891,True
T55008,True
T55117,True
T55131,True
T55200,True
T55218,True
T55255,True
T55404,True
T55558_f,True
T55558_r_i,True
T55612,True
T55709_f,True
T55709_i,True
T55709_r_i,True
T55731,True
T55741,True
T55840,True
T55871,True
T56011,True
T56016,True
T56191,True
T56256,True
T56279,True
T56460,True
T56470,True
T56475,True
T56674,True
T56807,True
T56858,True
T56934,True
T57079,True
T57087,True
T57089,True
T57124,True
T57535,True
T57619,True
T57642,True
T57701,True
T57780_i,True
T57872,True
T57875_f,True
T57875_i,True
T57882_i,True
T57882_r,True
T57904,True
T57913,True
T58029,True
T58509,True
T58610,True
T58645,True
T58731_i,True
T58756,True
T59037,True
T59406_i,True
T59427,True
T59627_f,True
T59682,True
T59684,True
T59895,True
T59930_f,True
T59930_i,True
T59939,True
T60051_f,True
T60155,True
T60326,True
T60429,True
T60437,True
T60778_f,True
T60860,True
T61077_f,True
T61090,True
T61333_f,True
T61355,True
T61446_f,True
T61455,True
T61564,True
T61597,True
T61599,True
T61627_i,True
T61627_r,True
T61632,True
T61661_r,True
T61750,True
T61842,True
T61857,True
T61867,True
T61914,True
T61949,True
T61950_f,True
T62067,True
T62083,True
T62191_f,True
T62215,True
T62220,True
T62541,True
T62563,True
T62568_f,True
T62568_i,True
T62633_i,True
T63047,True
T63133,True
T63258,True
T63266,True
T63370,True
T63484,True
T63496,True
T63499,True
T63508,True
T63520,True
T63539,True
T63591,True
T63613,True
T64001,True
T64012,True
T64026,True
T64134,True
T64142,True
T64163,True
T64171,True
T64207,True
T64297,True
T64298,True
T64467,True
T64491,True
T64669,True
T64878_r,True
T64885,True
T64901,True
T64941,True
T65003,True
T65024,True
T65055,True
T65228,True
T65380,True
T65384,True
T65541,True
T65594_f,True
T65594_i,True
T65594_r_i,True
T65597_f,True
T65770,True
T65844,True
T65872_f,True
T65872_i,True
T65872_r_i,True
T65874,True
T66286_i,True
T66307,True
T66747,True
T66799,True
T66823,True
T66871,True
T67006,True
T67051,True
T67077,True
T67173_r,True
T67257,True
T67414,True
T67422,True
T67475,True
T67511,True
T67549,True
T67689,True
T67703,True
T67704,True
T67897,True
T67905,True
T67915,True
T67921,True
T67924,True
T67986,True
T67994,True
T68115,True
T68167,True
T68283,True
T68426,True
T68450,True
T68542,True
T68706,True
T68848,True
T68853,True
T68979_i,True
T69020,True
T69021,True
T69026,True
T69122,True
T69271,True
T69308,True
T69422_f,True
T69422_i,True
T69425,True
T69450,True
T69468,True
T69603,True
T69734,True
T70058,True
T70063,True
T70251,True
T70331,True
T70564,True
T70891,True
T70899_i,True
T70899_r,True
T71001,True
T71025,True
T71207,True
T71363,True
T71574,True
T71609,True
T71612,True
T71643,True
T71645_f,True
T71645_i,True
T71645_r_i,True
T71649,True
T71764,True
T72203,True
T72257,True
T72336,True
T72403_i,True
T72403_r,True
T72449,True
T72503,True
T72582,True
T72599_f,True
T72599_r_i,True
T72870,True
T72879,True
T72889,True
T72905,True
T72938,True
T73005_f,True
T73005_i,True
T73015,True
T73089,True
T73247,True
T73337,True
T74257,True
T74267,True
T74272,True
T74274,True
T74567,True
T74614_i,True
T74614_r_i,True
T74896,True
T74904,True
T74906_r,True
T75577,True
T76970_i,True
T77446,True
T77537,True
T78002,True
T78091,True
T78395,True
T78432,True
T78477,True
T78485,True
T78606,True
T78610,True
T78876,True
T79161,True
T79169,True
T79426,True
T79595,True
T79616,True
T79759,True
T79831,True
T79863_r,True
T80050,True
T80178_i,True
T81369,True
T81459,True
T81460_f,True
T81460_i,True
T81492_f,True
T81492_i,True
T82459,True
T83361,True
T83368,True
T83644,True
T83673,True
T83887,True
T83937,True
T83942,True
T83969,True
T83985,True
T84042,True
T84049_f,True
T84049_i,True
T84051,True
T84057,True
T84099_i,True
T84481,True
T85165,True
T85166,True
T85247,True
T85572,True
T86161,True
T86173,True
T86281,True
T86307,True
T86332,True
T86444,True
T86469,True
T86473,True
T86679,True
T86684,True
T86727,True
T86736,True
T86745,True
T86746,True
T86754,True
T86914,True
T86928,True
T87527,True
T87698,True
T87800,True
T87871_r,True
T87873,True
T88712,True
T88721,True
T88723,True
T88805,True
T88902,True
T89028,True
T89084,True
T89115_f,True
T89115_r_i,True
T89164,True
T89175_i,True
T89175_r,True
T89422,True
T89666,True
T89669,True
T89676,True
T89692,True
T89980,True
T90036,True
T90054,True
T90345,True
T90350_f,True
T90350_i,True
T90549_f,True
T90570,True
T90668,True
T90736,True
T90759,True
T90789,True
T90791_i,True
T90851,True
T90925,True
T90980,True
T91043,True
T91121,True
T91230,True
T91510_f,True
T91563,True
T91855,True
T91869,True
T92055,True
T92195_f,True
T92195_i,True
T92195_r_i,True
T92259,True
T92350,True
T92451,True
T92782,True
T93094,True
T93272_f,True
T93284_f,True
T93295,True
T93317,True
T93343,True
T93518,True
T93885_f,True
T93888_f,True
T94087,True
T94350_f,True
T94350_i,True
T94426,True
T94579,True
T94781,True
T94832,True
T94885,True
T94993_f,True
T95006,True
T95014,True
T95052_f,True
T95052_i,True
T95063,True
T95078,True
T95095,True
T95318_f,True
T95509,True
T95612,True
T95824,True
T96144,True
T96318,True
T96325,True
T96338,True
T96364,True
T96388,True
T96548,True
T96621,True
T96816_f,True
T96832,True
T96942,True
T97002,True
T97199,True
T97203,True
T97209,True
T97473,True
T97890,True
T97948,True
T98002,True
T98274,True
T98616,True
T98665,True
T98783,True
T98803,True
T98835,True
T98848,True
T98908,True
T99080_i,True
T99080_r,True
T99219,True
T99303,True
T99451_f,True
T99451_r_i,True
T99470,True
T99478,True
T99496,True
T99498,True
T99498_i,True
T99774,True
U00001,True
U00115_f,True
U00238,True
U00672,True
U00968,True
U01062,True
U01120,True
U01134,True
U01147,True
U01157,True
U01691,True
U01828,True
U01833,True
U02019,True
U02020,True
U02031,True
U02076,True
U02081,True
U02310,True
U02327,True
U02328,True
U02556_i,True
U02556_r,True
U02570,True
U02609,True
U02619,True
U02632,True
U02680,True
U02687,True
U03100,True
U03105,True
U03106_i,True
U03106_r,True
U03109,True
U03272,True
U03464,True
U03494,True
U03634,True
U03688,True
U03735_r,True
U03749,True
U03851,True
U03865,True
U03882,True
U03884,True
U03891,True
U04209,True
U04241,True
U04313,True
U04343,True
U04636_r,True
U04641,True
U04810,True
U04840,True
U04847,True
U04953,True
U05012_f,True
U05012_i,True
U05040,True
U05237,True
U05259,True
U05315,True
U05569,True
U05589,True
U05596,True
U05681,True
U05875,True
U06088,True
U06452,True
U06454,True
U06631,True
U06641_r,True
U06643_f,True
U06643_i,True
U06698,True
U07139,True
U07149,True
U07158,True
U07225,True
U07231,True
U07349,True
U07358,True
U07620,True
U07664,True
U07695_f,True
U07695_r_i,True
U07747,True
U07802,True
U07819,True
U07919,True
U08006,True
U08015,True
U08092,True
U08098_f,True
U08098_i,True
U08191,True
U08198,True
U08336,True
U08438,True
U08818,True
U08854,True
U08989,True
U09002,True
U09086,True
U09278,True
U09284_f,True
U09284_i,True
U09347,True
U09367,True
U09368,True
U09411,True
U09413,True
U09414,True
U09466,True
U09477_f,True
U09477_i,True
U09564,True
U09582,True
U09587,True
U09609,True
U09623,True
U09646,True
U09770,True
U09820,True
U09848,True
U09850,True
U09873,True
U09877,True
U10116,True
U10117_f,True
U10117_i,True
U10347,True
U10417_f,True
U10417_i,True
U10485,True
U10493,True
U10550,True
U10554,True
U10687,True
U10689,True
U10693,True
U10694,True
U10868,True
U10886,True
U10990,True
U10991,True
U11050,True
U11058,True
U11287,True
U11552,True
U11700,True
U11732,True
U11814,True
U11870,True
U12140,True
U12387,True
U12535_i,True
U12535_r,True
U12767,True
U12778,True
U12779,True
U13022,True
U13044,True
U13047,True
U13061,True
U13216,True
U13395,True
U13616_f,True
U13616_r_i,True
U13680,True
U13896,True
U13948,True
U13991,True
U14383,True
U14391,True
U14394_i,True
U14394_r_i,True
U14417,True
U14518,True
U14550,True
U14575,True
U14577,True
U14588,True
U14631,True
U14650,True
U14755,True
U14910,True
U14957_f,True
U14957_i,True
U14971_f,True
U15172,True
U15174,True
U15306,True
U15555,True
U15655,True
U15689,True
U15782,True
U15932,True
U16031,True
U16127,True
U16270,True
U16282,True
U16296,True
U16307,True
U16752,True
U16811_i,True
U16811_r,True
U16954_r,True
U17032,True
U17034,True
U17077,True
U17280,True
U17418,True
U17473,True
U17566,True
U17899,True
U17989,True
U18062,True
U18088,True
U18235,True
U18242,True
U18247,True
U18259,True
U18291_f,True
U18299,True
U18420_r,True
U18422,True
U18543,True
U18548,True
U18549,True
U18745,True
U18919_f,True
U18920,True
U18934_f,True
U18934_i,True
U18934_r_i,True
U19107,True
U19178,True
U19180,True
U19251,True
U19252,True
U19261,True
U19345,True
U19487,True
U19517,True
U19518,True
U19765,True
U19878,True
U19969,True
U20158,True
U20240,True
U20280,True
U20285,True
U20350,True
U20362,True
U20428,True
U20498,True
U20582,True
U20648,True
U20760,True
U20938,True
U20979,True
U20980,True
U20982,True
U20998,True
U21090,True
U21092,True
U21108,True
U21128,True
U21858_f,True
U21909,True
U21914,True
U21931,True
U21936,True
U21938,True
U22055,True
U22233,True
U22312,True
U22526,True
U22815,True
U22816,True
U23157,True
U23435,True
U23752,True
U23803,True
U23852,True
U23942,True
U24055,True
U24077_f,True
U24105,True
U24153,True
U24660,True
U25128,True
U25138,True
U25147,True
U25165,True
U25433,True
U25435,True
U25441,True
U25657,True
U25771,True
U25779,True
U25975,True
U25997,True
U26174,True
U26425,True
U26455,True
U26596,True
U26710,True
U27109,True
U27143_f,True
U27266,True
U27330,True
U27460,True
U27467,True
U27831,True
U28015,True
U28043_f,True
U28249,True
U28281,True
U28368,True
U28369,True
U28389,True
U28413,True
U28918,True
U29195,True
U29589,True
U29656,True
U30272,True
U30498,True
U30707,True
U30872,True
U30888,True
U31099,True
U31116,True
U31120,True
U31248_i,True
U31248_r_i,True
U31382,True
U31449_f,True
U31525,True
U31601,True
U31602,True
U31973,True
U32315,True
U32376,True
U32500,True
U32974,True
U32989,True
U33053_f,True
U33286,True
U33635,True
U33749,True
U33761,True
U33819,True
U33921,True
U34038,True
U34074,True
U34252,True
U34355,True
U34846,True
U34976,True
U34994,True
U35100,True
U35143,True
U35376,True
U35398_f,True
U35398_i,True
U36448,True
U36601,True
U36798,True
U37019,True
U37146,True
U37251_r_i,True
U37408,True
U37519,True
U37673_i,True
U37690_i,True
U37707,True
U38276,True
U38480_f,True
U38864,True
U38896,True
U39231,True
U39840,True
V00503,True
V00511,True
V00532_i,True
V00532_r_i,True
V00533_f,True
V00537,True
V00541,True
V00563,True
V00571,True
X00088,True
X00089,True
X00090_f,True
X00090_i,True
X00474,True
X00491,True
X00700_f,True
X01410,True
X01417,True
X02157,True
X02160_f,True
X02228,True
X02492,True
X02530,True
X02744_i,True
X02744_r,True
X02750,True
X02761,True
X02874,True
X02875_r_i,True
X03066,True
X03068,True
X03348,True
X03438,True
X03663,True
X03674,True
X03794,True
X04011,True
X04076,True
X04297,True
X04325,True
X04366,True
X04391,True
X04434,True
X04500,True
X04828,True
X05130,True
X05231,True
X05276,True
X05309,True
X05610,True
X05825,True
X05908,True
X05978,True
X06182,True
X06256,True
X06272,True
X06323,True
X06374,True
X06389,True
X06557,True
X06562,True
X06614_f,True
X06614_i,True
X06614_r_i,True
X06661,True
X06700,True
X06745,True
X06825,True
X07203,True
X07315,True
X07384,True
X07495_r,True
X07695,True
X07743,True
X07820,True
X07834,True
X07862,True
X07876_i,True
X07881_i,True
X07936,True
X07948,True
X07979,True
X07994,True
X12369,True
X12433,True
X12458,True
X12496,True
X12548,True
X12654,True
X12791,True
X12876_f,True
X12892,True
X12901,True
X13227,True
X13255,True
X13293,True
X13425,True
X13445,True
X13482,True
X13810,True
X13897_r,True
X13916,True
X13956,True
X13967,True
X13988,True
X14046_f,True
X14149,True
X14329,True
X14355,True
X14356_f,True
X14362,True
X14390,True
X14445,True
X14618,True
X14767,True
X14830,True
X14850,True
X14958,True
X14968,True
X14974,True
X15183,True
X15215,True
X15218,True
X15219_f,True
X15219_i,True
X15357_i,True
X15357_r,True
X15376,True
X15422,True
X15505,True
X15573,True
X15653,True
X15722,True
X15822_f,True
X15880,True
X15882,True
X15943,True
X15949_i,True
X15949_r,True
X16070_f,True
X16354,True
X16356,True
X16396,True
X16504_f,True
X16662,True
X16663,True
X16666,True
X16699,True
X16901,True
X17025,True
X17042_f,True
X17042_r_i,True
X17070,True
X17094_i,True
X17094_r,True
X17097_f,True
X17273_f,True
X17360,True
X17543,True
X17622,True
X17644,True
X17650,True
X17651,True
X51345,True
X51416,True
X51420,True
X51435,True
X51445,True
X51521,True
X51602,True
X51630,True
X51699_f,True
X51699_i,True
X51699_r_i,True
X51758,True
X51801,True
X51985,True
X52008,True
X52009_f,True
X52015,True
X52056,True
X52075,True
X52151,True
X52228,True
X52229,True
X52425,True
X52426,True
X52486,True
X52541_f,True
X52679,True
X52943,True
X52947,True
X53004_f,True
X53179_i,True
X53179_r,True
X53416_r,True
X53461_r,True
X53586,True
X53742,True
X53743_f,True
X53743_i,True
X53793_f,True
X53795,True
X53799,True
X54131_f,True
X54150,True
X54156,True
X54163_f,True
X54232,True
X54380,True
X54457,True
X54489,True
X54667,True
X54673,True
X54869_f,True
X54936_i,True
X54937,True
X54938,True
X54941,True
X54942_i,True
X55005,True
X55019,True
X55177,True
X55187_f,True
X55330,True
X55362,True
X55740,True
X56088,True
X56253,True
X56411_f,True
X56411_i,True
X56411_r_i,True
X56597_i,True
X56667,True
X56692,True
X56841,True
X56958,True
X57019,True
X57110,True
X57206,True
X57303_r,True
X57346,True
X57347,True
X57348,True
X57351_f,True
X57435,True
X57637,True
X57766,True
X57928,True
X57974,True
X58022,True
X58072,True
X58255,True
X58401,True
X58822,True
X58957,True
X59131,True
X59244,True
X59350,True
X59372_i,True
X59373_f,True
X59373_i,True
X59511,True
X59543,True
X59618,True
X59656,True
X59739,True
X59798,True
X59834,True
X59841,True
X59842,True
X59932,True
X60201,True
X60287,True
X60364_f,True
X60489_f,True
X60592,True
X60655_i,True
X60655_r,True
X60673,True
X61070,True
X61095,True
X61123,True
X61176,True
X61598,True
X61615,True
X61950,True
X61971_f,True
X62025,True
X62055,True
X62153,True
X62167,True
X62381,True
X62429_f,True
X62570,True
X62822,True
X62891_f,True
X62899,True
X63071,True
X63097,True
X63105,True
X63187_f,True
X63432,True
X63578_i,True
X63578_r,True
X63692,True
X63741_f,True
X64044,True
X64318,True
X64330,True
X64364,True
X64643,True
X64810,True
X64838,True
X65233,True
X65463,True
X65551_f,True
X65644,True
X65779,True
X65882,True
X66079,True
X66141,True
X66142,True
X66171,True
X66362,True
X66365,True
X66403,True
X66417,True
X66610,True
X66785,True
X66839,True
X66893,True
X66899,True
X66924,True
X66975,True
X67001,True
X67155,True
X67318,True
X67325_f,True
X67337,True
X67699,True
X67734,True
X68149,True
X68194,True
X68264,True
X68277_f,True
X68277_r_i,True
X68314,True
X68505,True
X68679,True
X68688,True
X68994,True
X69295,True
X69433_f,True
X69438,True
X69658,True
X69723,True
X69878,True
X69910,True
X69962,True
X70040,True
X70070,True
X70326,True
X70649_f,True
X70811,True
X70940,True
X70991_i,True
X70991_r,True
X71490,True
X71623,True
X71877,True
X72177,True
X72389_r_i,True
X72632,True
X72727,True
X72889,True
X73113_f,True
X73114_i,True
X73114_r_i,True
X73358,True
X73424_i,True
X73427,True
X73502,True
X73608,True
X73874,True
X73882,True
X73902,True
X74142,True
X74262,True
X74295,True
X74328,True
X74330,True
X74331,True
X74496,True
X74570_f,True
X74794,True
X74795,True
X74819,True
X74837,True
X75090_f,True
X75090_i,True
X75304_f,True
X75304_i,True
X75342,True
X75535,True
X75546,True
X75593,True
X75756,True
X75861,True
X75917,True
X75958,True
X76029,True
X76040,True
X76057,True
X76104,True
X76105,True
X76180,True
X76184,True
X76223,True
X76383,True
X76534,True
X76562,True
X76732,True
X77197,True
X77278,True
X77307,True
X77366,True
X77383,True
X77386,True
X77588_f,True
X77588_i,True
X77777,True
X77909,True
X77956,True
X78342,True
X78549,True
X78627,True
X78686,True
X78706,True
X78710,True
X78711,True
X78712,True
X78873,True
X78925,True
X78926,True
X78932,True
X78933,True
X78947,True
X79066,True
X79201,True
X79234_f,True
X79293,True
X79353,True
X79536,True
X79563_f,True
X79563_i,True
X79857,True
X79888,True
X80026_r,True
X80062_i,True
X80198,True
X80200,True
X80507,True
X80692,True
X80754_f,True
X80754_r_i,True
X80915,True
X81198,True
X81372,True
X81479,True
X81817,True
X81844,True
X82068,True
X82103,True
X82166,True
X82200,True
X82206,True
X82207,True
X82209,True
X82240,True
X82324,True
X82456,True
X82539,True
X82540,True
X82554_f,True
X82629,True
X82634,True
X82676,True
X82693,True
X82835,True
X83301,True
X83368,True
X83412,True
X83425,True
X83441,True
X83535,True
X83543,True
X83618,True
X83703,True
X83705,True
X83857,True
X83860,True
X83862,True
X83928,True
X83957,True
X83973,True
X84002,True
X84076,True
X84373,True
X84707_f,True
X84707_i,True
X84709,True
X85133_f,True
X85134,True
X85545,True
X85750,True
X85753,True
X85785,True
X85960,True
X86018_f,True
X86096,True
X86098,True
X86371,True
X86400,True
X86693,True
X86779_f,True
X86809,True
X87159,True
X87193,True
X87248,True
X87838,True
X89399,True
X89416,True
X89478,True
X89960,True
X89985_i,True
X89985_r,True
X89986,True
X90529,True
X90846,True
X90857,True
X90858_f,True
X90858_i,True
X90908_i,True
X91103,True
X91141,True
X93349_i,True
X93349_r,True
X93510,True
Y00062,True
Y00064,True
Y00067,True
Y00097,True
Y00264,True
Y00281,True
Y00285,True
Y00317,True
Y00414,True
Y00486,True
Y00661,True
Y00695,True
Y00757,True
Y00762,True
Y00796,True
Y00821,True
Y00970,True
Y00971,True
Y07508,True
Z00010,True
Z11559,True
Z11692,True
Z11695,True
Z11697,True
Z11737,True
Z11773,True
Z11933,True
Z12020,True
Z12173,True
Z14138,True
Z14244_f,True
Z15005,True
Z15009,True
Z15115,True
Z17240,True
Z18948,True
Z18951,True
Z18954,True
Z18956,True
Z20656_f,True
Z21818,True
Z21966,True
Z22533,True
Z22534_i,True
Z22535,True
Z22536,True
Z22576,True
Z22641,True
Z22658_f,True
Z22865,True
Z22970_i,True
Z23064,True
Z23091,True
Z24680,True
Z24725_r,True
Z24727,True
Z25535,True
Z28339,True
Z28409,True
Z29064,True
Z29067,True
Z29074,True
Z29083,True
Z29090,True
Z29093,True
Z29331,True
Z29574,True
Z30644,True
Z31357_r_i,True
Z31695,True
Z32684,True
Z32858,True
Z33905,True
Z33998,True
Z34897,True
Z35102,True
Z35278,True
Z35307_i,True
Z35307_r_i,True
Z36531_i,True
Z36715,True
Z37976,True
Z46376,True
Z46389,True
Z46606,True
Z46629_r_i,True
Z46632,True
Z46967_f,True
Z46967_i,True
Z47087,True
Z47994,True
Z48042,True
Z48051,True
Z48054,True
Z48475_f,True
Z48475_i,True
Z48475_r_i,True
Z48481,True
Z48482,True
Z48570,True
Z48804,True
Z48923,True
Z49099,True
Z49194,True
Z49205,True
Z49269_i,True
Z49269_r_i,True
Z50053,True
Z50115,True
Z50194,True
Z50753,True
cre,True
